capability_key,module_key,context_type,expression_json,catalog_revision,enabled
account.action.delete,financial,INSTANCE,"{""allOf"":[{""permission"":{""resource"":""account"",""action"":""read"",""targetRef"":""account""}},{""permission"":{""resource"":""account"",""action"":""delete"",""targetRef"":""account""}}]}",1,true
account.button.assign,financial,INSTANCE,"{""allOf"":[{""permission"":{""resource"":""account"",""action"":""read"",""targetRef"":""account""}},{""permission"":{""resource"":""account"",""action"":""assign"",""targetRef"":""account""}}]}",1,true
account.route.details,financial,INSTANCE,"{""allOf"":[{""permission"":{""resource"":""account"",""action"":""read"",""targetRef"":""account""}},{""permission"":{""resource"":""activity_definition"",""action"":""read"",""targetRef"":""activity_definition""}}]}",1,true
account.route.edit,financial,INSTANCE,"{""allOf"":[{""permission"":{""resource"":""account"",""action"":""read"",""targetRef"":""account""}},{""permission"":{""resource"":""account"",""action"":""update"",""targetRef"":""account""}},{""permission"":{""resource"":""activity_definition"",""action"":""list"",""targetRef"":""activity_definitionCollection""}}]}",1,true
account.route.list,financial,COLLECTION,"{""allOf"":[{""permission"":{""resource"":""account"",""action"":""list"",""targetRef"":""accountCollection""}},{""permission"":{""resource"":""hospital_context"",""action"":""read"",""targetRef"":""hospitalContext""}}]}",1,true
activity_definition.action.delete,definitional,INSTANCE,"{""allOf"":[{""permission"":{""resource"":""activity_definition"",""action"":""read"",""targetRef"":""activity_definition""}},{""permission"":{""resource"":""activity_definition"",""action"":""delete"",""targetRef"":""activity_definition""}}]}",1,true
activity_definition.button.assign,definitional,INSTANCE,"{""allOf"":[{""permission"":{""resource"":""activity_definition"",""action"":""read"",""targetRef"":""activity_definition""}},{""permission"":{""resource"":""activity_definition"",""action"":""assign"",""targetRef"":""activity_definition""}}]}",1,true
activity_definition.route.details,definitional,INSTANCE,"{""allOf"":[{""permission"":{""resource"":""activity_definition"",""action"":""read"",""targetRef"":""activity_definition""}},{""permission"":{""resource"":""actor_definition"",""action"":""read"",""targetRef"":""actor_definition""}}]}",1,true
activity_definition.route.edit,definitional,INSTANCE,"{""allOf"":[{""permission"":{""resource"":""activity_definition"",""action"":""read"",""targetRef"":""activity_definition""}},{""permission"":{""resource"":""activity_definition"",""action"":""update"",""targetRef"":""activity_definition""}},{""permission"":{""resource"":""actor_definition"",""action"":""list"",""targetRef"":""actor_definitionCollection""}}]}",1,true
activity_definition.route.list,definitional,COLLECTION,"{""allOf"":[{""permission"":{""resource"":""activity_definition"",""action"":""list"",""targetRef"":""activity_definitionCollection""}},{""permission"":{""resource"":""hospital_context"",""action"":""read"",""targetRef"":""hospitalContext""}}]}",1,true
actor_definition.action.delete,definitional,INSTANCE,"{""allOf"":[{""permission"":{""resource"":""actor_definition"",""action"":""read"",""targetRef"":""actor_definition""}},{""permission"":{""resource"":""actor_definition"",""action"":""delete"",""targetRef"":""actor_definition""}}]}",1,true
actor_definition.button.assign,definitional,INSTANCE,"{""allOf"":[{""permission"":{""resource"":""actor_definition"",""action"":""read"",""targetRef"":""actor_definition""}},{""permission"":{""resource"":""actor_definition"",""action"":""assign"",""targetRef"":""actor_definition""}}]}",1,true
actor_definition.route.details,definitional,INSTANCE,"{""allOf"":[{""permission"":{""resource"":""actor_definition"",""action"":""read"",""targetRef"":""actor_definition""}},{""permission"":{""resource"":""administrable_product_definition"",""action"":""read"",""targetRef"":""administrable_product_definition""}}]}",1,true
actor_definition.route.edit,definitional,INSTANCE,"{""allOf"":[{""permission"":{""resource"":""actor_definition"",""action"":""read"",""targetRef"":""actor_definition""}},{""permission"":{""resource"":""actor_definition"",""action"":""update"",""targetRef"":""actor_definition""}},{""permission"":{""resource"":""administrable_product_definition"",""action"":""list"",""targetRef"":""administrable_product_definitionCollection""}}]}",1,true
actor_definition.route.list,definitional,COLLECTION,"{""allOf"":[{""permission"":{""resource"":""actor_definition"",""action"":""list"",""targetRef"":""actor_definitionCollection""}},{""permission"":{""resource"":""hospital_context"",""action"":""read"",""targetRef"":""hospitalContext""}}]}",1,true
administrable_product_definition.action.delete,medicinal_products,INSTANCE,"{""allOf"":[{""permission"":{""resource"":""administrable_product_definition"",""action"":""read"",""targetRef"":""administrable_product_definition""}},{""permission"":{""resource"":""administrable_product_definition"",""action"":""delete"",""targetRef"":""administrable_product_definition""}}]}",1,true
administrable_product_definition.button.assign,medicinal_products,INSTANCE,"{""allOf"":[{""permission"":{""resource"":""administrable_product_definition"",""action"":""read"",""targetRef"":""administrable_product_definition""}},{""permission"":{""resource"":""administrable_product_definition"",""action"":""assign"",""targetRef"":""administrable_product_definition""}}]}",1,true
administrable_product_definition.route.details,medicinal_products,INSTANCE,"{""allOf"":[{""permission"":{""resource"":""administrable_product_definition"",""action"":""read"",""targetRef"":""administrable_product_definition""}},{""permission"":{""resource"":""adverse_event"",""action"":""read"",""targetRef"":""adverse_event""}}]}",1,true
administrable_product_definition.route.edit,medicinal_products,INSTANCE,"{""allOf"":[{""permission"":{""resource"":""administrable_product_definition"",""action"":""read"",""targetRef"":""administrable_product_definition""}},{""permission"":{""resource"":""administrable_product_definition"",""action"":""update"",""targetRef"":""administrable_product_definition""}},{""permission"":{""resource"":""adverse_event"",""action"":""list"",""targetRef"":""adverse_eventCollection""}}]}",1,true
administrable_product_definition.route.list,medicinal_products,COLLECTION,"{""allOf"":[{""permission"":{""resource"":""administrable_product_definition"",""action"":""list"",""targetRef"":""administrable_product_definitionCollection""}},{""permission"":{""resource"":""hospital_context"",""action"":""read"",""targetRef"":""hospitalContext""}}]}",1,true
adverse_event.action.delete,clinical,INSTANCE,"{""allOf"":[{""permission"":{""resource"":""adverse_event"",""action"":""read"",""targetRef"":""adverse_event""}},{""permission"":{""resource"":""adverse_event"",""action"":""delete"",""targetRef"":""adverse_event""}}]}",1,true
adverse_event.button.assign,clinical,INSTANCE,"{""allOf"":[{""permission"":{""resource"":""adverse_event"",""action"":""read"",""targetRef"":""adverse_event""}},{""permission"":{""resource"":""adverse_event"",""action"":""assign"",""targetRef"":""adverse_event""}}]}",1,true
adverse_event.route.details,clinical,INSTANCE,"{""allOf"":[{""permission"":{""resource"":""adverse_event"",""action"":""read"",""targetRef"":""adverse_event""}},{""permission"":{""resource"":""allergy_intolerance"",""action"":""read"",""targetRef"":""allergy_intolerance""}}]}",1,true
adverse_event.route.edit,clinical,INSTANCE,"{""allOf"":[{""permission"":{""resource"":""adverse_event"",""action"":""read"",""targetRef"":""adverse_event""}},{""permission"":{""resource"":""adverse_event"",""action"":""update"",""targetRef"":""adverse_event""}},{""permission"":{""resource"":""allergy_intolerance"",""action"":""list"",""targetRef"":""allergy_intoleranceCollection""}}]}",1,true
adverse_event.route.list,clinical,COLLECTION,"{""allOf"":[{""permission"":{""resource"":""adverse_event"",""action"":""list"",""targetRef"":""adverse_eventCollection""}},{""permission"":{""resource"":""hospital_context"",""action"":""read"",""targetRef"":""hospitalContext""}}]}",1,true
allergy_intolerance.action.delete,clinical,INSTANCE,"{""allOf"":[{""permission"":{""resource"":""allergy_intolerance"",""action"":""read"",""targetRef"":""allergy_intolerance""}},{""permission"":{""resource"":""allergy_intolerance"",""action"":""delete"",""targetRef"":""allergy_intolerance""}}]}",1,true
allergy_intolerance.button.assign,clinical,INSTANCE,"{""allOf"":[{""permission"":{""resource"":""allergy_intolerance"",""action"":""read"",""targetRef"":""allergy_intolerance""}},{""permission"":{""resource"":""allergy_intolerance"",""action"":""assign"",""targetRef"":""allergy_intolerance""}}]}",1,true
allergy_intolerance.route.details,clinical,INSTANCE,"{""allOf"":[{""permission"":{""resource"":""allergy_intolerance"",""action"":""read"",""targetRef"":""allergy_intolerance""}},{""permission"":{""resource"":""appointment"",""action"":""read"",""targetRef"":""appointment""}}]}",1,true
allergy_intolerance.route.edit,clinical,INSTANCE,"{""allOf"":[{""permission"":{""resource"":""allergy_intolerance"",""action"":""read"",""targetRef"":""allergy_intolerance""}},{""permission"":{""resource"":""allergy_intolerance"",""action"":""update"",""targetRef"":""allergy_intolerance""}},{""permission"":{""resource"":""appointment"",""action"":""list"",""targetRef"":""appointmentCollection""}}]}",1,true
allergy_intolerance.route.list,clinical,COLLECTION,"{""allOf"":[{""permission"":{""resource"":""allergy_intolerance"",""action"":""list"",""targetRef"":""allergy_intoleranceCollection""}},{""permission"":{""resource"":""hospital_context"",""action"":""read"",""targetRef"":""hospitalContext""}}]}",1,true
appointment.action.delete,workflow,INSTANCE,"{""allOf"":[{""permission"":{""resource"":""appointment"",""action"":""read"",""targetRef"":""appointment""}},{""permission"":{""resource"":""appointment"",""action"":""delete"",""targetRef"":""appointment""}}]}",1,true
appointment.button.assign,workflow,INSTANCE,"{""allOf"":[{""permission"":{""resource"":""appointment"",""action"":""read"",""targetRef"":""appointment""}},{""permission"":{""resource"":""appointment"",""action"":""assign"",""targetRef"":""appointment""}}]}",1,true
appointment.route.details,workflow,INSTANCE,"{""allOf"":[{""permission"":{""resource"":""appointment"",""action"":""read"",""targetRef"":""appointment""}},{""permission"":{""resource"":""appointment_response"",""action"":""read"",""targetRef"":""appointment_response""}}]}",1,true
appointment.route.edit,workflow,INSTANCE,"{""allOf"":[{""permission"":{""resource"":""appointment"",""action"":""read"",""targetRef"":""appointment""}},{""permission"":{""resource"":""appointment"",""action"":""update"",""targetRef"":""appointment""}},{""permission"":{""resource"":""appointment_response"",""action"":""list"",""targetRef"":""appointment_responseCollection""}}]}",1,true
appointment.route.list,workflow,COLLECTION,"{""allOf"":[{""permission"":{""resource"":""appointment"",""action"":""list"",""targetRef"":""appointmentCollection""}},{""permission"":{""resource"":""hospital_context"",""action"":""read"",""targetRef"":""hospitalContext""}}]}",1,true
appointment_response.action.delete,workflow,INSTANCE,"{""allOf"":[{""permission"":{""resource"":""appointment_response"",""action"":""read"",""targetRef"":""appointment_response""}},{""permission"":{""resource"":""appointment_response"",""action"":""delete"",""targetRef"":""appointment_response""}}]}",1,true
appointment_response.button.assign,workflow,INSTANCE,"{""allOf"":[{""permission"":{""resource"":""appointment_response"",""action"":""read"",""targetRef"":""appointment_response""}},{""permission"":{""resource"":""appointment_response"",""action"":""assign"",""targetRef"":""appointment_response""}}]}",1,true
appointment_response.route.details,workflow,INSTANCE,"{""allOf"":[{""permission"":{""resource"":""appointment_response"",""action"":""read"",""targetRef"":""appointment_response""}},{""permission"":{""resource"":""artifact_assessment"",""action"":""read"",""targetRef"":""artifact_assessment""}}]}",1,true
appointment_response.route.edit,workflow,INSTANCE,"{""allOf"":[{""permission"":{""resource"":""appointment_response"",""action"":""read"",""targetRef"":""appointment_response""}},{""permission"":{""resource"":""appointment_response"",""action"":""update"",""targetRef"":""appointment_response""}},{""permission"":{""resource"":""artifact_assessment"",""action"":""list"",""targetRef"":""artifact_assessmentCollection""}}]}",1,true
appointment_response.route.list,workflow,COLLECTION,"{""allOf"":[{""permission"":{""resource"":""appointment_response"",""action"":""list"",""targetRef"":""appointment_responseCollection""}},{""permission"":{""resource"":""hospital_context"",""action"":""read"",""targetRef"":""hospitalContext""}}]}",1,true
artifact_assessment.action.delete,research,INSTANCE,"{""allOf"":[{""permission"":{""resource"":""artifact_assessment"",""action"":""read"",""targetRef"":""artifact_assessment""}},{""permission"":{""resource"":""artifact_assessment"",""action"":""delete"",""targetRef"":""artifact_assessment""}}]}",1,true
artifact_assessment.button.assign,research,INSTANCE,"{""allOf"":[{""permission"":{""resource"":""artifact_assessment"",""action"":""read"",""targetRef"":""artifact_assessment""}},{""permission"":{""resource"":""artifact_assessment"",""action"":""assign"",""targetRef"":""artifact_assessment""}}]}",1,true
artifact_assessment.route.details,research,INSTANCE,"{""allOf"":[{""permission"":{""resource"":""artifact_assessment"",""action"":""read"",""targetRef"":""artifact_assessment""}},{""permission"":{""resource"":""audit_event"",""action"":""read"",""targetRef"":""audit_event""}}]}",1,true
artifact_assessment.route.edit,research,INSTANCE,"{""allOf"":[{""permission"":{""resource"":""artifact_assessment"",""action"":""read"",""targetRef"":""artifact_assessment""}},{""permission"":{""resource"":""artifact_assessment"",""action"":""update"",""targetRef"":""artifact_assessment""}},{""permission"":{""resource"":""audit_event"",""action"":""list"",""targetRef"":""audit_eventCollection""}}]}",1,true
artifact_assessment.route.list,research,COLLECTION,"{""allOf"":[{""permission"":{""resource"":""artifact_assessment"",""action"":""list"",""targetRef"":""artifact_assessmentCollection""}},{""permission"":{""resource"":""hospital_context"",""action"":""read"",""targetRef"":""hospitalContext""}}]}",1,true
audit_event.action.delete,security,INSTANCE,"{""allOf"":[{""permission"":{""resource"":""audit_event"",""action"":""read"",""targetRef"":""audit_event""}},{""permission"":{""resource"":""audit_event"",""action"":""delete"",""targetRef"":""audit_event""}}]}",1,true
audit_event.button.assign,security,INSTANCE,"{""allOf"":[{""permission"":{""resource"":""audit_event"",""action"":""read"",""targetRef"":""audit_event""}},{""permission"":{""resource"":""audit_event"",""action"":""assign"",""targetRef"":""audit_event""}}]}",1,true
audit_event.route.details,security,INSTANCE,"{""allOf"":[{""permission"":{""resource"":""audit_event"",""action"":""read"",""targetRef"":""audit_event""}},{""permission"":{""resource"":""basic"",""action"":""read"",""targetRef"":""basic""}}]}",1,true
audit_event.route.edit,security,INSTANCE,"{""allOf"":[{""permission"":{""resource"":""audit_event"",""action"":""read"",""targetRef"":""audit_event""}},{""permission"":{""resource"":""audit_event"",""action"":""update"",""targetRef"":""audit_event""}},{""permission"":{""resource"":""basic"",""action"":""list"",""targetRef"":""basicCollection""}}]}",1,true
audit_event.route.list,security,COLLECTION,"{""allOf"":[{""permission"":{""resource"":""audit_event"",""action"":""list"",""targetRef"":""audit_eventCollection""}},{""permission"":{""resource"":""hospital_context"",""action"":""read"",""targetRef"":""hospitalContext""}}]}",1,true
basic.action.delete,foundation,INSTANCE,"{""allOf"":[{""permission"":{""resource"":""basic"",""action"":""read"",""targetRef"":""basic""}},{""permission"":{""resource"":""basic"",""action"":""delete"",""targetRef"":""basic""}}]}",1,true
basic.button.assign,foundation,INSTANCE,"{""allOf"":[{""permission"":{""resource"":""basic"",""action"":""read"",""targetRef"":""basic""}},{""permission"":{""resource"":""basic"",""action"":""assign"",""targetRef"":""basic""}}]}",1,true
basic.route.details,foundation,INSTANCE,"{""allOf"":[{""permission"":{""resource"":""basic"",""action"":""read"",""targetRef"":""basic""}},{""permission"":{""resource"":""binary"",""action"":""read"",""targetRef"":""binary""}}]}",1,true
basic.route.edit,foundation,INSTANCE,"{""allOf"":[{""permission"":{""resource"":""basic"",""action"":""read"",""targetRef"":""basic""}},{""permission"":{""resource"":""basic"",""action"":""update"",""targetRef"":""basic""}},{""permission"":{""resource"":""binary"",""action"":""list"",""targetRef"":""binaryCollection""}}]}",1,true
basic.route.list,foundation,COLLECTION,"{""allOf"":[{""permission"":{""resource"":""basic"",""action"":""list"",""targetRef"":""basicCollection""}},{""permission"":{""resource"":""hospital_context"",""action"":""read"",""targetRef"":""hospitalContext""}}]}",1,true
binary.action.delete,foundation,INSTANCE,"{""allOf"":[{""permission"":{""resource"":""binary"",""action"":""read"",""targetRef"":""binary""}},{""permission"":{""resource"":""binary"",""action"":""delete"",""targetRef"":""binary""}}]}",1,true
binary.button.assign,foundation,INSTANCE,"{""allOf"":[{""permission"":{""resource"":""binary"",""action"":""read"",""targetRef"":""binary""}},{""permission"":{""resource"":""binary"",""action"":""assign"",""targetRef"":""binary""}}]}",1,true
binary.route.details,foundation,INSTANCE,"{""allOf"":[{""permission"":{""resource"":""binary"",""action"":""read"",""targetRef"":""binary""}},{""permission"":{""resource"":""biologically_derived_product"",""action"":""read"",""targetRef"":""biologically_derived_product""}}]}",1,true
binary.route.edit,foundation,INSTANCE,"{""allOf"":[{""permission"":{""resource"":""binary"",""action"":""read"",""targetRef"":""binary""}},{""permission"":{""resource"":""binary"",""action"":""update"",""targetRef"":""binary""}},{""permission"":{""resource"":""biologically_derived_product"",""action"":""list"",""targetRef"":""biologically_derived_productCollection""}}]}",1,true
binary.route.list,foundation,COLLECTION,"{""allOf"":[{""permission"":{""resource"":""binary"",""action"":""list"",""targetRef"":""binaryCollection""}},{""permission"":{""resource"":""hospital_context"",""action"":""read"",""targetRef"":""hospitalContext""}}]}",1,true
biologically_derived_product.action.delete,substances,INSTANCE,"{""allOf"":[{""permission"":{""resource"":""biologically_derived_product"",""action"":""read"",""targetRef"":""biologically_derived_product""}},{""permission"":{""resource"":""biologically_derived_product"",""action"":""delete"",""targetRef"":""biologically_derived_product""}}]}",1,true
biologically_derived_product.button.assign,substances,INSTANCE,"{""allOf"":[{""permission"":{""resource"":""biologically_derived_product"",""action"":""read"",""targetRef"":""biologically_derived_product""}},{""permission"":{""resource"":""biologically_derived_product"",""action"":""assign"",""targetRef"":""biologically_derived_product""}}]}",1,true
biologically_derived_product.route.details,substances,INSTANCE,"{""allOf"":[{""permission"":{""resource"":""biologically_derived_product"",""action"":""read"",""targetRef"":""biologically_derived_product""}},{""permission"":{""resource"":""biologically_derived_product_dispense"",""action"":""read"",""targetRef"":""biologically_derived_product_dispense""}}]}",1,true
biologically_derived_product.route.edit,substances,INSTANCE,"{""allOf"":[{""permission"":{""resource"":""biologically_derived_product"",""action"":""read"",""targetRef"":""biologically_derived_product""}},{""permission"":{""resource"":""biologically_derived_product"",""action"":""update"",""targetRef"":""biologically_derived_product""}},{""permission"":{""resource"":""biologically_derived_product_dispense"",""action"":""list"",""targetRef"":""biologically_derived_product_dispenseCollection""}}]}",1,true
biologically_derived_product.route.list,substances,COLLECTION,"{""allOf"":[{""permission"":{""resource"":""biologically_derived_product"",""action"":""list"",""targetRef"":""biologically_derived_productCollection""}},{""permission"":{""resource"":""hospital_context"",""action"":""read"",""targetRef"":""hospitalContext""}}]}",1,true
biologically_derived_product_dispense.action.delete,substances,INSTANCE,"{""allOf"":[{""permission"":{""resource"":""biologically_derived_product_dispense"",""action"":""read"",""targetRef"":""biologically_derived_product_dispense""}},{""permission"":{""resource"":""biologically_derived_product_dispense"",""action"":""delete"",""targetRef"":""biologically_derived_product_dispense""}}]}",1,true
biologically_derived_product_dispense.button.assign,substances,INSTANCE,"{""allOf"":[{""permission"":{""resource"":""biologically_derived_product_dispense"",""action"":""read"",""targetRef"":""biologically_derived_product_dispense""}},{""permission"":{""resource"":""biologically_derived_product_dispense"",""action"":""assign"",""targetRef"":""biologically_derived_product_dispense""}}]}",1,true
biologically_derived_product_dispense.route.details,substances,INSTANCE,"{""allOf"":[{""permission"":{""resource"":""biologically_derived_product_dispense"",""action"":""read"",""targetRef"":""biologically_derived_product_dispense""}},{""permission"":{""resource"":""body_structure"",""action"":""read"",""targetRef"":""body_structure""}}]}",1,true
biologically_derived_product_dispense.route.edit,substances,INSTANCE,"{""allOf"":[{""permission"":{""resource"":""biologically_derived_product_dispense"",""action"":""read"",""targetRef"":""biologically_derived_product_dispense""}},{""permission"":{""resource"":""biologically_derived_product_dispense"",""action"":""update"",""targetRef"":""biologically_derived_product_dispense""}},{""permission"":{""resource"":""body_structure"",""action"":""list"",""targetRef"":""body_structureCollection""}}]}",1,true
biologically_derived_product_dispense.route.list,substances,COLLECTION,"{""allOf"":[{""permission"":{""resource"":""biologically_derived_product_dispense"",""action"":""list"",""targetRef"":""biologically_derived_product_dispenseCollection""}},{""permission"":{""resource"":""hospital_context"",""action"":""read"",""targetRef"":""hospitalContext""}}]}",1,true
body_structure.action.delete,diagnostics,INSTANCE,"{""allOf"":[{""permission"":{""resource"":""body_structure"",""action"":""read"",""targetRef"":""body_structure""}},{""permission"":{""resource"":""body_structure"",""action"":""delete"",""targetRef"":""body_structure""}}]}",1,true
body_structure.button.assign,diagnostics,INSTANCE,"{""allOf"":[{""permission"":{""resource"":""body_structure"",""action"":""read"",""targetRef"":""body_structure""}},{""permission"":{""resource"":""body_structure"",""action"":""assign"",""targetRef"":""body_structure""}}]}",1,true
body_structure.route.details,diagnostics,INSTANCE,"{""allOf"":[{""permission"":{""resource"":""body_structure"",""action"":""read"",""targetRef"":""body_structure""}},{""permission"":{""resource"":""bundle"",""action"":""read"",""targetRef"":""bundle""}}]}",1,true
body_structure.route.edit,diagnostics,INSTANCE,"{""allOf"":[{""permission"":{""resource"":""body_structure"",""action"":""read"",""targetRef"":""body_structure""}},{""permission"":{""resource"":""body_structure"",""action"":""update"",""targetRef"":""body_structure""}},{""permission"":{""resource"":""bundle"",""action"":""list"",""targetRef"":""bundleCollection""}}]}",1,true
body_structure.route.list,diagnostics,COLLECTION,"{""allOf"":[{""permission"":{""resource"":""body_structure"",""action"":""list"",""targetRef"":""body_structureCollection""}},{""permission"":{""resource"":""hospital_context"",""action"":""read"",""targetRef"":""hospitalContext""}}]}",1,true
bundle.action.delete,foundation,INSTANCE,"{""allOf"":[{""permission"":{""resource"":""bundle"",""action"":""read"",""targetRef"":""bundle""}},{""permission"":{""resource"":""bundle"",""action"":""delete"",""targetRef"":""bundle""}}]}",1,true
bundle.button.assign,foundation,INSTANCE,"{""allOf"":[{""permission"":{""resource"":""bundle"",""action"":""read"",""targetRef"":""bundle""}},{""permission"":{""resource"":""bundle"",""action"":""assign"",""targetRef"":""bundle""}}]}",1,true
bundle.route.details,foundation,INSTANCE,"{""allOf"":[{""permission"":{""resource"":""bundle"",""action"":""read"",""targetRef"":""bundle""}},{""permission"":{""resource"":""capability_statement"",""action"":""read"",""targetRef"":""capability_statement""}}]}",1,true
bundle.route.edit,foundation,INSTANCE,"{""allOf"":[{""permission"":{""resource"":""bundle"",""action"":""read"",""targetRef"":""bundle""}},{""permission"":{""resource"":""bundle"",""action"":""update"",""targetRef"":""bundle""}},{""permission"":{""resource"":""capability_statement"",""action"":""list"",""targetRef"":""capability_statementCollection""}}]}",1,true
bundle.route.list,foundation,COLLECTION,"{""allOf"":[{""permission"":{""resource"":""bundle"",""action"":""list"",""targetRef"":""bundleCollection""}},{""permission"":{""resource"":""hospital_context"",""action"":""read"",""targetRef"":""hospitalContext""}}]}",1,true
capability_statement.action.delete,conformance,INSTANCE,"{""allOf"":[{""permission"":{""resource"":""capability_statement"",""action"":""read"",""targetRef"":""capability_statement""}},{""permission"":{""resource"":""capability_statement"",""action"":""delete"",""targetRef"":""capability_statement""}}]}",1,true
capability_statement.button.assign,conformance,INSTANCE,"{""allOf"":[{""permission"":{""resource"":""capability_statement"",""action"":""read"",""targetRef"":""capability_statement""}},{""permission"":{""resource"":""capability_statement"",""action"":""assign"",""targetRef"":""capability_statement""}}]}",1,true
capability_statement.route.details,conformance,INSTANCE,"{""allOf"":[{""permission"":{""resource"":""capability_statement"",""action"":""read"",""targetRef"":""capability_statement""}},{""permission"":{""resource"":""care_plan"",""action"":""read"",""targetRef"":""care_plan""}}]}",1,true
capability_statement.route.edit,conformance,INSTANCE,"{""allOf"":[{""permission"":{""resource"":""capability_statement"",""action"":""read"",""targetRef"":""capability_statement""}},{""permission"":{""resource"":""capability_statement"",""action"":""update"",""targetRef"":""capability_statement""}},{""permission"":{""resource"":""care_plan"",""action"":""list"",""targetRef"":""care_planCollection""}}]}",1,true
capability_statement.route.list,conformance,COLLECTION,"{""allOf"":[{""permission"":{""resource"":""capability_statement"",""action"":""list"",""targetRef"":""capability_statementCollection""}},{""permission"":{""resource"":""hospital_context"",""action"":""read"",""targetRef"":""hospitalContext""}}]}",1,true
care_plan.action.delete,care_provision,INSTANCE,"{""allOf"":[{""permission"":{""resource"":""care_plan"",""action"":""read"",""targetRef"":""care_plan""}},{""permission"":{""resource"":""care_plan"",""action"":""delete"",""targetRef"":""care_plan""}}]}",1,true
care_plan.button.assign,care_provision,INSTANCE,"{""allOf"":[{""permission"":{""resource"":""care_plan"",""action"":""read"",""targetRef"":""care_plan""}},{""permission"":{""resource"":""care_plan"",""action"":""assign"",""targetRef"":""care_plan""}}]}",1,true
care_plan.route.details,care_provision,INSTANCE,"{""allOf"":[{""permission"":{""resource"":""care_plan"",""action"":""read"",""targetRef"":""care_plan""}},{""permission"":{""resource"":""care_team"",""action"":""read"",""targetRef"":""care_team""}}]}",1,true
care_plan.route.edit,care_provision,INSTANCE,"{""allOf"":[{""permission"":{""resource"":""care_plan"",""action"":""read"",""targetRef"":""care_plan""}},{""permission"":{""resource"":""care_plan"",""action"":""update"",""targetRef"":""care_plan""}},{""permission"":{""resource"":""care_team"",""action"":""list"",""targetRef"":""care_teamCollection""}}]}",1,true
care_plan.route.list,care_provision,COLLECTION,"{""allOf"":[{""permission"":{""resource"":""care_plan"",""action"":""list"",""targetRef"":""care_planCollection""}},{""permission"":{""resource"":""hospital_context"",""action"":""read"",""targetRef"":""hospitalContext""}}]}",1,true
care_team.action.delete,management,INSTANCE,"{""allOf"":[{""permission"":{""resource"":""care_team"",""action"":""read"",""targetRef"":""care_team""}},{""permission"":{""resource"":""care_team"",""action"":""delete"",""targetRef"":""care_team""}}]}",1,true
care_team.button.assign,management,INSTANCE,"{""allOf"":[{""permission"":{""resource"":""care_team"",""action"":""read"",""targetRef"":""care_team""}},{""permission"":{""resource"":""care_team"",""action"":""assign"",""targetRef"":""care_team""}}]}",1,true
care_team.route.details,management,INSTANCE,"{""allOf"":[{""permission"":{""resource"":""care_team"",""action"":""read"",""targetRef"":""care_team""}},{""permission"":{""resource"":""charge_item"",""action"":""read"",""targetRef"":""charge_item""}}]}",1,true
care_team.route.edit,management,INSTANCE,"{""allOf"":[{""permission"":{""resource"":""care_team"",""action"":""read"",""targetRef"":""care_team""}},{""permission"":{""resource"":""care_team"",""action"":""update"",""targetRef"":""care_team""}},{""permission"":{""resource"":""charge_item"",""action"":""list"",""targetRef"":""charge_itemCollection""}}]}",1,true
care_team.route.list,management,COLLECTION,"{""allOf"":[{""permission"":{""resource"":""care_team"",""action"":""list"",""targetRef"":""care_teamCollection""}},{""permission"":{""resource"":""hospital_context"",""action"":""read"",""targetRef"":""hospitalContext""}}]}",1,true
charge_item.action.delete,financial,INSTANCE,"{""allOf"":[{""permission"":{""resource"":""charge_item"",""action"":""read"",""targetRef"":""charge_item""}},{""permission"":{""resource"":""charge_item"",""action"":""delete"",""targetRef"":""charge_item""}}]}",1,true
charge_item.button.assign,financial,INSTANCE,"{""allOf"":[{""permission"":{""resource"":""charge_item"",""action"":""read"",""targetRef"":""charge_item""}},{""permission"":{""resource"":""charge_item"",""action"":""assign"",""targetRef"":""charge_item""}}]}",1,true
charge_item.route.details,financial,INSTANCE,"{""allOf"":[{""permission"":{""resource"":""charge_item"",""action"":""read"",""targetRef"":""charge_item""}},{""permission"":{""resource"":""charge_item_definition"",""action"":""read"",""targetRef"":""charge_item_definition""}}]}",1,true
charge_item.route.edit,financial,INSTANCE,"{""allOf"":[{""permission"":{""resource"":""charge_item"",""action"":""read"",""targetRef"":""charge_item""}},{""permission"":{""resource"":""charge_item"",""action"":""update"",""targetRef"":""charge_item""}},{""permission"":{""resource"":""charge_item_definition"",""action"":""list"",""targetRef"":""charge_item_definitionCollection""}}]}",1,true
charge_item.route.list,financial,COLLECTION,"{""allOf"":[{""permission"":{""resource"":""charge_item"",""action"":""list"",""targetRef"":""charge_itemCollection""}},{""permission"":{""resource"":""hospital_context"",""action"":""read"",""targetRef"":""hospitalContext""}}]}",1,true
charge_item_definition.action.delete,financial,INSTANCE,"{""allOf"":[{""permission"":{""resource"":""charge_item_definition"",""action"":""read"",""targetRef"":""charge_item_definition""}},{""permission"":{""resource"":""charge_item_definition"",""action"":""delete"",""targetRef"":""charge_item_definition""}}]}",1,true
charge_item_definition.button.assign,financial,INSTANCE,"{""allOf"":[{""permission"":{""resource"":""charge_item_definition"",""action"":""read"",""targetRef"":""charge_item_definition""}},{""permission"":{""resource"":""charge_item_definition"",""action"":""assign"",""targetRef"":""charge_item_definition""}}]}",1,true
charge_item_definition.route.details,financial,INSTANCE,"{""allOf"":[{""permission"":{""resource"":""charge_item_definition"",""action"":""read"",""targetRef"":""charge_item_definition""}},{""permission"":{""resource"":""citation"",""action"":""read"",""targetRef"":""citation""}}]}",1,true
charge_item_definition.route.edit,financial,INSTANCE,"{""allOf"":[{""permission"":{""resource"":""charge_item_definition"",""action"":""read"",""targetRef"":""charge_item_definition""}},{""permission"":{""resource"":""charge_item_definition"",""action"":""update"",""targetRef"":""charge_item_definition""}},{""permission"":{""resource"":""citation"",""action"":""list"",""targetRef"":""citationCollection""}}]}",1,true
charge_item_definition.route.list,financial,COLLECTION,"{""allOf"":[{""permission"":{""resource"":""charge_item_definition"",""action"":""list"",""targetRef"":""charge_item_definitionCollection""}},{""permission"":{""resource"":""hospital_context"",""action"":""read"",""targetRef"":""hospitalContext""}}]}",1,true
citation.action.delete,research,INSTANCE,"{""allOf"":[{""permission"":{""resource"":""citation"",""action"":""read"",""targetRef"":""citation""}},{""permission"":{""resource"":""citation"",""action"":""delete"",""targetRef"":""citation""}}]}",1,true
citation.button.assign,research,INSTANCE,"{""allOf"":[{""permission"":{""resource"":""citation"",""action"":""read"",""targetRef"":""citation""}},{""permission"":{""resource"":""citation"",""action"":""assign"",""targetRef"":""citation""}}]}",1,true
citation.route.details,research,INSTANCE,"{""allOf"":[{""permission"":{""resource"":""citation"",""action"":""read"",""targetRef"":""citation""}},{""permission"":{""resource"":""claim"",""action"":""read"",""targetRef"":""claim""}}]}",1,true
citation.route.edit,research,INSTANCE,"{""allOf"":[{""permission"":{""resource"":""citation"",""action"":""read"",""targetRef"":""citation""}},{""permission"":{""resource"":""citation"",""action"":""update"",""targetRef"":""citation""}},{""permission"":{""resource"":""claim"",""action"":""list"",""targetRef"":""claimCollection""}}]}",1,true
citation.route.list,research,COLLECTION,"{""allOf"":[{""permission"":{""resource"":""citation"",""action"":""list"",""targetRef"":""citationCollection""}},{""permission"":{""resource"":""hospital_context"",""action"":""read"",""targetRef"":""hospitalContext""}}]}",1,true
claim.action.delete,financial,INSTANCE,"{""allOf"":[{""permission"":{""resource"":""claim"",""action"":""read"",""targetRef"":""claim""}},{""permission"":{""resource"":""claim"",""action"":""delete"",""targetRef"":""claim""}}]}",1,true
claim.button.assign,financial,INSTANCE,"{""allOf"":[{""permission"":{""resource"":""claim"",""action"":""read"",""targetRef"":""claim""}},{""permission"":{""resource"":""claim"",""action"":""assign"",""targetRef"":""claim""}}]}",1,true
claim.route.details,financial,INSTANCE,"{""allOf"":[{""permission"":{""resource"":""claim"",""action"":""read"",""targetRef"":""claim""}},{""permission"":{""resource"":""claim_response"",""action"":""read"",""targetRef"":""claim_response""}}]}",1,true
claim.route.edit,financial,INSTANCE,"{""allOf"":[{""permission"":{""resource"":""claim"",""action"":""read"",""targetRef"":""claim""}},{""permission"":{""resource"":""claim"",""action"":""update"",""targetRef"":""claim""}},{""permission"":{""resource"":""claim_response"",""action"":""list"",""targetRef"":""claim_responseCollection""}}]}",1,true
claim.route.list,financial,COLLECTION,"{""allOf"":[{""permission"":{""resource"":""claim"",""action"":""list"",""targetRef"":""claimCollection""}},{""permission"":{""resource"":""hospital_context"",""action"":""read"",""targetRef"":""hospitalContext""}}]}",1,true
claim_response.action.delete,financial,INSTANCE,"{""allOf"":[{""permission"":{""resource"":""claim_response"",""action"":""read"",""targetRef"":""claim_response""}},{""permission"":{""resource"":""claim_response"",""action"":""delete"",""targetRef"":""claim_response""}}]}",1,true
claim_response.button.assign,financial,INSTANCE,"{""allOf"":[{""permission"":{""resource"":""claim_response"",""action"":""read"",""targetRef"":""claim_response""}},{""permission"":{""resource"":""claim_response"",""action"":""assign"",""targetRef"":""claim_response""}}]}",1,true
claim_response.route.details,financial,INSTANCE,"{""allOf"":[{""permission"":{""resource"":""claim_response"",""action"":""read"",""targetRef"":""claim_response""}},{""permission"":{""resource"":""clinical_impression"",""action"":""read"",""targetRef"":""clinical_impression""}}]}",1,true
claim_response.route.edit,financial,INSTANCE,"{""allOf"":[{""permission"":{""resource"":""claim_response"",""action"":""read"",""targetRef"":""claim_response""}},{""permission"":{""resource"":""claim_response"",""action"":""update"",""targetRef"":""claim_response""}},{""permission"":{""resource"":""clinical_impression"",""action"":""list"",""targetRef"":""clinical_impressionCollection""}}]}",1,true
claim_response.route.list,financial,COLLECTION,"{""allOf"":[{""permission"":{""resource"":""claim_response"",""action"":""list"",""targetRef"":""claim_responseCollection""}},{""permission"":{""resource"":""hospital_context"",""action"":""read"",""targetRef"":""hospitalContext""}}]}",1,true
clinical_impression.action.delete,clinical,INSTANCE,"{""allOf"":[{""permission"":{""resource"":""clinical_impression"",""action"":""read"",""targetRef"":""clinical_impression""}},{""permission"":{""resource"":""clinical_impression"",""action"":""delete"",""targetRef"":""clinical_impression""}}]}",1,true
clinical_impression.button.assign,clinical,INSTANCE,"{""allOf"":[{""permission"":{""resource"":""clinical_impression"",""action"":""read"",""targetRef"":""clinical_impression""}},{""permission"":{""resource"":""clinical_impression"",""action"":""assign"",""targetRef"":""clinical_impression""}}]}",1,true
clinical_impression.route.details,clinical,INSTANCE,"{""allOf"":[{""permission"":{""resource"":""clinical_impression"",""action"":""read"",""targetRef"":""clinical_impression""}},{""permission"":{""resource"":""clinical_use_definition"",""action"":""read"",""targetRef"":""clinical_use_definition""}}]}",1,true
clinical_impression.route.edit,clinical,INSTANCE,"{""allOf"":[{""permission"":{""resource"":""clinical_impression"",""action"":""read"",""targetRef"":""clinical_impression""}},{""permission"":{""resource"":""clinical_impression"",""action"":""update"",""targetRef"":""clinical_impression""}},{""permission"":{""resource"":""clinical_use_definition"",""action"":""list"",""targetRef"":""clinical_use_definitionCollection""}}]}",1,true
clinical_impression.route.list,clinical,COLLECTION,"{""allOf"":[{""permission"":{""resource"":""clinical_impression"",""action"":""list"",""targetRef"":""clinical_impressionCollection""}},{""permission"":{""resource"":""hospital_context"",""action"":""read"",""targetRef"":""hospitalContext""}}]}",1,true
clinical_use_definition.action.delete,medicinal_products,INSTANCE,"{""allOf"":[{""permission"":{""resource"":""clinical_use_definition"",""action"":""read"",""targetRef"":""clinical_use_definition""}},{""permission"":{""resource"":""clinical_use_definition"",""action"":""delete"",""targetRef"":""clinical_use_definition""}}]}",1,true
clinical_use_definition.button.assign,medicinal_products,INSTANCE,"{""allOf"":[{""permission"":{""resource"":""clinical_use_definition"",""action"":""read"",""targetRef"":""clinical_use_definition""}},{""permission"":{""resource"":""clinical_use_definition"",""action"":""assign"",""targetRef"":""clinical_use_definition""}}]}",1,true
clinical_use_definition.route.details,medicinal_products,INSTANCE,"{""allOf"":[{""permission"":{""resource"":""clinical_use_definition"",""action"":""read"",""targetRef"":""clinical_use_definition""}},{""permission"":{""resource"":""code_system"",""action"":""read"",""targetRef"":""code_system""}}]}",1,true
clinical_use_definition.route.edit,medicinal_products,INSTANCE,"{""allOf"":[{""permission"":{""resource"":""clinical_use_definition"",""action"":""read"",""targetRef"":""clinical_use_definition""}},{""permission"":{""resource"":""clinical_use_definition"",""action"":""update"",""targetRef"":""clinical_use_definition""}},{""permission"":{""resource"":""code_system"",""action"":""list"",""targetRef"":""code_systemCollection""}}]}",1,true
clinical_use_definition.route.list,medicinal_products,COLLECTION,"{""allOf"":[{""permission"":{""resource"":""clinical_use_definition"",""action"":""list"",""targetRef"":""clinical_use_definitionCollection""}},{""permission"":{""resource"":""hospital_context"",""action"":""read"",""targetRef"":""hospitalContext""}}]}",1,true
code_system.action.delete,terminology,INSTANCE,"{""allOf"":[{""permission"":{""resource"":""code_system"",""action"":""read"",""targetRef"":""code_system""}},{""permission"":{""resource"":""code_system"",""action"":""delete"",""targetRef"":""code_system""}}]}",1,true
code_system.button.assign,terminology,INSTANCE,"{""allOf"":[{""permission"":{""resource"":""code_system"",""action"":""read"",""targetRef"":""code_system""}},{""permission"":{""resource"":""code_system"",""action"":""assign"",""targetRef"":""code_system""}}]}",1,true
code_system.route.details,terminology,INSTANCE,"{""allOf"":[{""permission"":{""resource"":""code_system"",""action"":""read"",""targetRef"":""code_system""}},{""permission"":{""resource"":""communication"",""action"":""read"",""targetRef"":""communication""}}]}",1,true
code_system.route.edit,terminology,INSTANCE,"{""allOf"":[{""permission"":{""resource"":""code_system"",""action"":""read"",""targetRef"":""code_system""}},{""permission"":{""resource"":""code_system"",""action"":""update"",""targetRef"":""code_system""}},{""permission"":{""resource"":""communication"",""action"":""list"",""targetRef"":""communicationCollection""}}]}",1,true
code_system.route.list,terminology,COLLECTION,"{""allOf"":[{""permission"":{""resource"":""code_system"",""action"":""list"",""targetRef"":""code_systemCollection""}},{""permission"":{""resource"":""hospital_context"",""action"":""read"",""targetRef"":""hospitalContext""}}]}",1,true
communication.action.delete,care_provision,INSTANCE,"{""allOf"":[{""permission"":{""resource"":""communication"",""action"":""read"",""targetRef"":""communication""}},{""permission"":{""resource"":""communication"",""action"":""delete"",""targetRef"":""communication""}}]}",1,true
communication.button.assign,care_provision,INSTANCE,"{""allOf"":[{""permission"":{""resource"":""communication"",""action"":""read"",""targetRef"":""communication""}},{""permission"":{""resource"":""communication"",""action"":""assign"",""targetRef"":""communication""}}]}",1,true
communication.route.details,care_provision,INSTANCE,"{""allOf"":[{""permission"":{""resource"":""communication"",""action"":""read"",""targetRef"":""communication""}},{""permission"":{""resource"":""communication_request"",""action"":""read"",""targetRef"":""communication_request""}}]}",1,true
communication.route.edit,care_provision,INSTANCE,"{""allOf"":[{""permission"":{""resource"":""communication"",""action"":""read"",""targetRef"":""communication""}},{""permission"":{""resource"":""communication"",""action"":""update"",""targetRef"":""communication""}},{""permission"":{""resource"":""communication_request"",""action"":""list"",""targetRef"":""communication_requestCollection""}}]}",1,true
communication.route.list,care_provision,COLLECTION,"{""allOf"":[{""permission"":{""resource"":""communication"",""action"":""list"",""targetRef"":""communicationCollection""}},{""permission"":{""resource"":""hospital_context"",""action"":""read"",""targetRef"":""hospitalContext""}}]}",1,true
communication_request.action.delete,care_provision,INSTANCE,"{""allOf"":[{""permission"":{""resource"":""communication_request"",""action"":""read"",""targetRef"":""communication_request""}},{""permission"":{""resource"":""communication_request"",""action"":""delete"",""targetRef"":""communication_request""}}]}",1,true
communication_request.button.assign,care_provision,INSTANCE,"{""allOf"":[{""permission"":{""resource"":""communication_request"",""action"":""read"",""targetRef"":""communication_request""}},{""permission"":{""resource"":""communication_request"",""action"":""assign"",""targetRef"":""communication_request""}}]}",1,true
communication_request.route.details,care_provision,INSTANCE,"{""allOf"":[{""permission"":{""resource"":""communication_request"",""action"":""read"",""targetRef"":""communication_request""}},{""permission"":{""resource"":""compartment_definition"",""action"":""read"",""targetRef"":""compartment_definition""}}]}",1,true
communication_request.route.edit,care_provision,INSTANCE,"{""allOf"":[{""permission"":{""resource"":""communication_request"",""action"":""read"",""targetRef"":""communication_request""}},{""permission"":{""resource"":""communication_request"",""action"":""update"",""targetRef"":""communication_request""}},{""permission"":{""resource"":""compartment_definition"",""action"":""list"",""targetRef"":""compartment_definitionCollection""}}]}",1,true
communication_request.route.list,care_provision,COLLECTION,"{""allOf"":[{""permission"":{""resource"":""communication_request"",""action"":""list"",""targetRef"":""communication_requestCollection""}},{""permission"":{""resource"":""hospital_context"",""action"":""read"",""targetRef"":""hospitalContext""}}]}",1,true
compartment_definition.action.delete,conformance,INSTANCE,"{""allOf"":[{""permission"":{""resource"":""compartment_definition"",""action"":""read"",""targetRef"":""compartment_definition""}},{""permission"":{""resource"":""compartment_definition"",""action"":""delete"",""targetRef"":""compartment_definition""}}]}",1,true
compartment_definition.button.assign,conformance,INSTANCE,"{""allOf"":[{""permission"":{""resource"":""compartment_definition"",""action"":""read"",""targetRef"":""compartment_definition""}},{""permission"":{""resource"":""compartment_definition"",""action"":""assign"",""targetRef"":""compartment_definition""}}]}",1,true
compartment_definition.route.details,conformance,INSTANCE,"{""allOf"":[{""permission"":{""resource"":""compartment_definition"",""action"":""read"",""targetRef"":""compartment_definition""}},{""permission"":{""resource"":""composition"",""action"":""read"",""targetRef"":""composition""}}]}",1,true
compartment_definition.route.edit,conformance,INSTANCE,"{""allOf"":[{""permission"":{""resource"":""compartment_definition"",""action"":""read"",""targetRef"":""compartment_definition""}},{""permission"":{""resource"":""compartment_definition"",""action"":""update"",""targetRef"":""compartment_definition""}},{""permission"":{""resource"":""composition"",""action"":""list"",""targetRef"":""compositionCollection""}}]}",1,true
compartment_definition.route.list,conformance,COLLECTION,"{""allOf"":[{""permission"":{""resource"":""compartment_definition"",""action"":""list"",""targetRef"":""compartment_definitionCollection""}},{""permission"":{""resource"":""hospital_context"",""action"":""read"",""targetRef"":""hospitalContext""}}]}",1,true
composition.action.delete,documents,INSTANCE,"{""allOf"":[{""permission"":{""resource"":""composition"",""action"":""read"",""targetRef"":""composition""}},{""permission"":{""resource"":""composition"",""action"":""delete"",""targetRef"":""composition""}}]}",1,true
composition.button.assign,documents,INSTANCE,"{""allOf"":[{""permission"":{""resource"":""composition"",""action"":""read"",""targetRef"":""composition""}},{""permission"":{""resource"":""composition"",""action"":""assign"",""targetRef"":""composition""}}]}",1,true
composition.route.details,documents,INSTANCE,"{""allOf"":[{""permission"":{""resource"":""composition"",""action"":""read"",""targetRef"":""composition""}},{""permission"":{""resource"":""concept_map"",""action"":""read"",""targetRef"":""concept_map""}}]}",1,true
composition.route.edit,documents,INSTANCE,"{""allOf"":[{""permission"":{""resource"":""composition"",""action"":""read"",""targetRef"":""composition""}},{""permission"":{""resource"":""composition"",""action"":""update"",""targetRef"":""composition""}},{""permission"":{""resource"":""concept_map"",""action"":""list"",""targetRef"":""concept_mapCollection""}}]}",1,true
composition.route.list,documents,COLLECTION,"{""allOf"":[{""permission"":{""resource"":""composition"",""action"":""list"",""targetRef"":""compositionCollection""}},{""permission"":{""resource"":""hospital_context"",""action"":""read"",""targetRef"":""hospitalContext""}}]}",1,true
concept_map.action.delete,terminology,INSTANCE,"{""allOf"":[{""permission"":{""resource"":""concept_map"",""action"":""read"",""targetRef"":""concept_map""}},{""permission"":{""resource"":""concept_map"",""action"":""delete"",""targetRef"":""concept_map""}}]}",1,true
concept_map.button.assign,terminology,INSTANCE,"{""allOf"":[{""permission"":{""resource"":""concept_map"",""action"":""read"",""targetRef"":""concept_map""}},{""permission"":{""resource"":""concept_map"",""action"":""assign"",""targetRef"":""concept_map""}}]}",1,true
concept_map.route.details,terminology,INSTANCE,"{""allOf"":[{""permission"":{""resource"":""concept_map"",""action"":""read"",""targetRef"":""concept_map""}},{""permission"":{""resource"":""condition"",""action"":""read"",""targetRef"":""condition""}}]}",1,true
concept_map.route.edit,terminology,INSTANCE,"{""allOf"":[{""permission"":{""resource"":""concept_map"",""action"":""read"",""targetRef"":""concept_map""}},{""permission"":{""resource"":""concept_map"",""action"":""update"",""targetRef"":""concept_map""}},{""permission"":{""resource"":""condition"",""action"":""list"",""targetRef"":""conditionCollection""}}]}",1,true
concept_map.route.list,terminology,COLLECTION,"{""allOf"":[{""permission"":{""resource"":""concept_map"",""action"":""list"",""targetRef"":""concept_mapCollection""}},{""permission"":{""resource"":""hospital_context"",""action"":""read"",""targetRef"":""hospitalContext""}}]}",1,true
condition.action.delete,clinical,INSTANCE,"{""allOf"":[{""permission"":{""resource"":""condition"",""action"":""read"",""targetRef"":""condition""}},{""permission"":{""resource"":""condition"",""action"":""delete"",""targetRef"":""condition""}}]}",1,true
condition.button.assign,clinical,INSTANCE,"{""allOf"":[{""permission"":{""resource"":""condition"",""action"":""read"",""targetRef"":""condition""}},{""permission"":{""resource"":""condition"",""action"":""assign"",""targetRef"":""condition""}}]}",1,true
condition.route.details,clinical,INSTANCE,"{""allOf"":[{""permission"":{""resource"":""condition"",""action"":""read"",""targetRef"":""condition""}},{""permission"":{""resource"":""consent"",""action"":""read"",""targetRef"":""consent""}}]}",1,true
condition.route.edit,clinical,INSTANCE,"{""allOf"":[{""permission"":{""resource"":""condition"",""action"":""read"",""targetRef"":""condition""}},{""permission"":{""resource"":""condition"",""action"":""update"",""targetRef"":""condition""}},{""permission"":{""resource"":""consent"",""action"":""list"",""targetRef"":""consentCollection""}}]}",1,true
condition.route.list,clinical,COLLECTION,"{""allOf"":[{""permission"":{""resource"":""condition"",""action"":""list"",""targetRef"":""conditionCollection""}},{""permission"":{""resource"":""hospital_context"",""action"":""read"",""targetRef"":""hospitalContext""}}]}",1,true
consent.action.delete,security,INSTANCE,"{""allOf"":[{""permission"":{""resource"":""consent"",""action"":""read"",""targetRef"":""consent""}},{""permission"":{""resource"":""consent"",""action"":""delete"",""targetRef"":""consent""}}]}",1,true
consent.button.assign,security,INSTANCE,"{""allOf"":[{""permission"":{""resource"":""consent"",""action"":""read"",""targetRef"":""consent""}},{""permission"":{""resource"":""consent"",""action"":""assign"",""targetRef"":""consent""}}]}",1,true
consent.route.details,security,INSTANCE,"{""allOf"":[{""permission"":{""resource"":""consent"",""action"":""read"",""targetRef"":""consent""}},{""permission"":{""resource"":""contract"",""action"":""read"",""targetRef"":""contract""}}]}",1,true
consent.route.edit,security,INSTANCE,"{""allOf"":[{""permission"":{""resource"":""consent"",""action"":""read"",""targetRef"":""consent""}},{""permission"":{""resource"":""consent"",""action"":""update"",""targetRef"":""consent""}},{""permission"":{""resource"":""contract"",""action"":""list"",""targetRef"":""contractCollection""}}]}",1,true
consent.route.list,security,COLLECTION,"{""allOf"":[{""permission"":{""resource"":""consent"",""action"":""list"",""targetRef"":""consentCollection""}},{""permission"":{""resource"":""hospital_context"",""action"":""read"",""targetRef"":""hospitalContext""}}]}",1,true
contract.action.delete,financial,INSTANCE,"{""allOf"":[{""permission"":{""resource"":""contract"",""action"":""read"",""targetRef"":""contract""}},{""permission"":{""resource"":""contract"",""action"":""delete"",""targetRef"":""contract""}}]}",1,true
contract.button.assign,financial,INSTANCE,"{""allOf"":[{""permission"":{""resource"":""contract"",""action"":""read"",""targetRef"":""contract""}},{""permission"":{""resource"":""contract"",""action"":""assign"",""targetRef"":""contract""}}]}",1,true
contract.route.details,financial,INSTANCE,"{""allOf"":[{""permission"":{""resource"":""contract"",""action"":""read"",""targetRef"":""contract""}},{""permission"":{""resource"":""coverage"",""action"":""read"",""targetRef"":""coverage""}}]}",1,true
contract.route.edit,financial,INSTANCE,"{""allOf"":[{""permission"":{""resource"":""contract"",""action"":""read"",""targetRef"":""contract""}},{""permission"":{""resource"":""contract"",""action"":""update"",""targetRef"":""contract""}},{""permission"":{""resource"":""coverage"",""action"":""list"",""targetRef"":""coverageCollection""}}]}",1,true
contract.route.list,financial,COLLECTION,"{""allOf"":[{""permission"":{""resource"":""contract"",""action"":""list"",""targetRef"":""contractCollection""}},{""permission"":{""resource"":""hospital_context"",""action"":""read"",""targetRef"":""hospitalContext""}}]}",1,true
coverage.action.delete,financial,INSTANCE,"{""allOf"":[{""permission"":{""resource"":""coverage"",""action"":""read"",""targetRef"":""coverage""}},{""permission"":{""resource"":""coverage"",""action"":""delete"",""targetRef"":""coverage""}}]}",1,true
coverage.button.assign,financial,INSTANCE,"{""allOf"":[{""permission"":{""resource"":""coverage"",""action"":""read"",""targetRef"":""coverage""}},{""permission"":{""resource"":""coverage"",""action"":""assign"",""targetRef"":""coverage""}}]}",1,true
coverage.route.details,financial,INSTANCE,"{""allOf"":[{""permission"":{""resource"":""coverage"",""action"":""read"",""targetRef"":""coverage""}},{""permission"":{""resource"":""coverage_eligibility_request"",""action"":""read"",""targetRef"":""coverage_eligibility_request""}}]}",1,true
coverage.route.edit,financial,INSTANCE,"{""allOf"":[{""permission"":{""resource"":""coverage"",""action"":""read"",""targetRef"":""coverage""}},{""permission"":{""resource"":""coverage"",""action"":""update"",""targetRef"":""coverage""}},{""permission"":{""resource"":""coverage_eligibility_request"",""action"":""list"",""targetRef"":""coverage_eligibility_requestCollection""}}]}",1,true
coverage.route.list,financial,COLLECTION,"{""allOf"":[{""permission"":{""resource"":""coverage"",""action"":""list"",""targetRef"":""coverageCollection""}},{""permission"":{""resource"":""hospital_context"",""action"":""read"",""targetRef"":""hospitalContext""}}]}",1,true
coverage_eligibility_request.action.delete,financial,INSTANCE,"{""allOf"":[{""permission"":{""resource"":""coverage_eligibility_request"",""action"":""read"",""targetRef"":""coverage_eligibility_request""}},{""permission"":{""resource"":""coverage_eligibility_request"",""action"":""delete"",""targetRef"":""coverage_eligibility_request""}}]}",1,true
coverage_eligibility_request.button.assign,financial,INSTANCE,"{""allOf"":[{""permission"":{""resource"":""coverage_eligibility_request"",""action"":""read"",""targetRef"":""coverage_eligibility_request""}},{""permission"":{""resource"":""coverage_eligibility_request"",""action"":""assign"",""targetRef"":""coverage_eligibility_request""}}]}",1,true
coverage_eligibility_request.route.details,financial,INSTANCE,"{""allOf"":[{""permission"":{""resource"":""coverage_eligibility_request"",""action"":""read"",""targetRef"":""coverage_eligibility_request""}},{""permission"":{""resource"":""coverage_eligibility_response"",""action"":""read"",""targetRef"":""coverage_eligibility_response""}}]}",1,true
coverage_eligibility_request.route.edit,financial,INSTANCE,"{""allOf"":[{""permission"":{""resource"":""coverage_eligibility_request"",""action"":""read"",""targetRef"":""coverage_eligibility_request""}},{""permission"":{""resource"":""coverage_eligibility_request"",""action"":""update"",""targetRef"":""coverage_eligibility_request""}},{""permission"":{""resource"":""coverage_eligibility_response"",""action"":""list"",""targetRef"":""coverage_eligibility_responseCollection""}}]}",1,true
coverage_eligibility_request.route.list,financial,COLLECTION,"{""allOf"":[{""permission"":{""resource"":""coverage_eligibility_request"",""action"":""list"",""targetRef"":""coverage_eligibility_requestCollection""}},{""permission"":{""resource"":""hospital_context"",""action"":""read"",""targetRef"":""hospitalContext""}}]}",1,true
coverage_eligibility_response.action.delete,financial,INSTANCE,"{""allOf"":[{""permission"":{""resource"":""coverage_eligibility_response"",""action"":""read"",""targetRef"":""coverage_eligibility_response""}},{""permission"":{""resource"":""coverage_eligibility_response"",""action"":""delete"",""targetRef"":""coverage_eligibility_response""}}]}",1,true
coverage_eligibility_response.button.assign,financial,INSTANCE,"{""allOf"":[{""permission"":{""resource"":""coverage_eligibility_response"",""action"":""read"",""targetRef"":""coverage_eligibility_response""}},{""permission"":{""resource"":""coverage_eligibility_response"",""action"":""assign"",""targetRef"":""coverage_eligibility_response""}}]}",1,true
coverage_eligibility_response.route.details,financial,INSTANCE,"{""allOf"":[{""permission"":{""resource"":""coverage_eligibility_response"",""action"":""read"",""targetRef"":""coverage_eligibility_response""}},{""permission"":{""resource"":""detected_issue"",""action"":""read"",""targetRef"":""detected_issue""}}]}",1,true
coverage_eligibility_response.route.edit,financial,INSTANCE,"{""allOf"":[{""permission"":{""resource"":""coverage_eligibility_response"",""action"":""read"",""targetRef"":""coverage_eligibility_response""}},{""permission"":{""resource"":""coverage_eligibility_response"",""action"":""update"",""targetRef"":""coverage_eligibility_response""}},{""permission"":{""resource"":""detected_issue"",""action"":""list"",""targetRef"":""detected_issueCollection""}}]}",1,true
coverage_eligibility_response.route.list,financial,COLLECTION,"{""allOf"":[{""permission"":{""resource"":""coverage_eligibility_response"",""action"":""list"",""targetRef"":""coverage_eligibility_responseCollection""}},{""permission"":{""resource"":""hospital_context"",""action"":""read"",""targetRef"":""hospitalContext""}}]}",1,true
detected_issue.action.delete,clinical,INSTANCE,"{""allOf"":[{""permission"":{""resource"":""detected_issue"",""action"":""read"",""targetRef"":""detected_issue""}},{""permission"":{""resource"":""detected_issue"",""action"":""delete"",""targetRef"":""detected_issue""}}]}",1,true
detected_issue.button.assign,clinical,INSTANCE,"{""allOf"":[{""permission"":{""resource"":""detected_issue"",""action"":""read"",""targetRef"":""detected_issue""}},{""permission"":{""resource"":""detected_issue"",""action"":""assign"",""targetRef"":""detected_issue""}}]}",1,true
detected_issue.route.details,clinical,INSTANCE,"{""allOf"":[{""permission"":{""resource"":""detected_issue"",""action"":""read"",""targetRef"":""detected_issue""}},{""permission"":{""resource"":""device"",""action"":""read"",""targetRef"":""device""}}]}",1,true
detected_issue.route.edit,clinical,INSTANCE,"{""allOf"":[{""permission"":{""resource"":""detected_issue"",""action"":""read"",""targetRef"":""detected_issue""}},{""permission"":{""resource"":""detected_issue"",""action"":""update"",""targetRef"":""detected_issue""}},{""permission"":{""resource"":""device"",""action"":""list"",""targetRef"":""deviceCollection""}}]}",1,true
detected_issue.route.list,clinical,COLLECTION,"{""allOf"":[{""permission"":{""resource"":""detected_issue"",""action"":""list"",""targetRef"":""detected_issueCollection""}},{""permission"":{""resource"":""hospital_context"",""action"":""read"",""targetRef"":""hospitalContext""}}]}",1,true
device.action.delete,devices,INSTANCE,"{""allOf"":[{""permission"":{""resource"":""device"",""action"":""read"",""targetRef"":""device""}},{""permission"":{""resource"":""device"",""action"":""delete"",""targetRef"":""device""}}]}",1,true
device.button.assign,devices,INSTANCE,"{""allOf"":[{""permission"":{""resource"":""device"",""action"":""read"",""targetRef"":""device""}},{""permission"":{""resource"":""device"",""action"":""assign"",""targetRef"":""device""}}]}",1,true
device.route.details,devices,INSTANCE,"{""allOf"":[{""permission"":{""resource"":""device"",""action"":""read"",""targetRef"":""device""}},{""permission"":{""resource"":""device_association"",""action"":""read"",""targetRef"":""device_association""}}]}",1,true
device.route.edit,devices,INSTANCE,"{""allOf"":[{""permission"":{""resource"":""device"",""action"":""read"",""targetRef"":""device""}},{""permission"":{""resource"":""device"",""action"":""update"",""targetRef"":""device""}},{""permission"":{""resource"":""device_association"",""action"":""list"",""targetRef"":""device_associationCollection""}}]}",1,true
device.route.list,devices,COLLECTION,"{""allOf"":[{""permission"":{""resource"":""device"",""action"":""list"",""targetRef"":""deviceCollection""}},{""permission"":{""resource"":""hospital_context"",""action"":""read"",""targetRef"":""hospitalContext""}}]}",1,true
device_association.action.delete,devices,INSTANCE,"{""allOf"":[{""permission"":{""resource"":""device_association"",""action"":""read"",""targetRef"":""device_association""}},{""permission"":{""resource"":""device_association"",""action"":""delete"",""targetRef"":""device_association""}}]}",1,true
device_association.button.assign,devices,INSTANCE,"{""allOf"":[{""permission"":{""resource"":""device_association"",""action"":""read"",""targetRef"":""device_association""}},{""permission"":{""resource"":""device_association"",""action"":""assign"",""targetRef"":""device_association""}}]}",1,true
device_association.route.details,devices,INSTANCE,"{""allOf"":[{""permission"":{""resource"":""device_association"",""action"":""read"",""targetRef"":""device_association""}},{""permission"":{""resource"":""device_definition"",""action"":""read"",""targetRef"":""device_definition""}}]}",1,true
device_association.route.edit,devices,INSTANCE,"{""allOf"":[{""permission"":{""resource"":""device_association"",""action"":""read"",""targetRef"":""device_association""}},{""permission"":{""resource"":""device_association"",""action"":""update"",""targetRef"":""device_association""}},{""permission"":{""resource"":""device_definition"",""action"":""list"",""targetRef"":""device_definitionCollection""}}]}",1,true
device_association.route.list,devices,COLLECTION,"{""allOf"":[{""permission"":{""resource"":""device_association"",""action"":""list"",""targetRef"":""device_associationCollection""}},{""permission"":{""resource"":""hospital_context"",""action"":""read"",""targetRef"":""hospitalContext""}}]}",1,true
device_definition.action.delete,devices,INSTANCE,"{""allOf"":[{""permission"":{""resource"":""device_definition"",""action"":""read"",""targetRef"":""device_definition""}},{""permission"":{""resource"":""device_definition"",""action"":""delete"",""targetRef"":""device_definition""}}]}",1,true
device_definition.button.assign,devices,INSTANCE,"{""allOf"":[{""permission"":{""resource"":""device_definition"",""action"":""read"",""targetRef"":""device_definition""}},{""permission"":{""resource"":""device_definition"",""action"":""assign"",""targetRef"":""device_definition""}}]}",1,true
device_definition.route.details,devices,INSTANCE,"{""allOf"":[{""permission"":{""resource"":""device_definition"",""action"":""read"",""targetRef"":""device_definition""}},{""permission"":{""resource"":""device_dispense"",""action"":""read"",""targetRef"":""device_dispense""}}]}",1,true
device_definition.route.edit,devices,INSTANCE,"{""allOf"":[{""permission"":{""resource"":""device_definition"",""action"":""read"",""targetRef"":""device_definition""}},{""permission"":{""resource"":""device_definition"",""action"":""update"",""targetRef"":""device_definition""}},{""permission"":{""resource"":""device_dispense"",""action"":""list"",""targetRef"":""device_dispenseCollection""}}]}",1,true
device_definition.route.list,devices,COLLECTION,"{""allOf"":[{""permission"":{""resource"":""device_definition"",""action"":""list"",""targetRef"":""device_definitionCollection""}},{""permission"":{""resource"":""hospital_context"",""action"":""read"",""targetRef"":""hospitalContext""}}]}",1,true
device_dispense.action.delete,devices,INSTANCE,"{""allOf"":[{""permission"":{""resource"":""device_dispense"",""action"":""read"",""targetRef"":""device_dispense""}},{""permission"":{""resource"":""device_dispense"",""action"":""delete"",""targetRef"":""device_dispense""}}]}",1,true
device_dispense.button.assign,devices,INSTANCE,"{""allOf"":[{""permission"":{""resource"":""device_dispense"",""action"":""read"",""targetRef"":""device_dispense""}},{""permission"":{""resource"":""device_dispense"",""action"":""assign"",""targetRef"":""device_dispense""}}]}",1,true
device_dispense.route.details,devices,INSTANCE,"{""allOf"":[{""permission"":{""resource"":""device_dispense"",""action"":""read"",""targetRef"":""device_dispense""}},{""permission"":{""resource"":""device_metric"",""action"":""read"",""targetRef"":""device_metric""}}]}",1,true
device_dispense.route.edit,devices,INSTANCE,"{""allOf"":[{""permission"":{""resource"":""device_dispense"",""action"":""read"",""targetRef"":""device_dispense""}},{""permission"":{""resource"":""device_dispense"",""action"":""update"",""targetRef"":""device_dispense""}},{""permission"":{""resource"":""device_metric"",""action"":""list"",""targetRef"":""device_metricCollection""}}]}",1,true
device_dispense.route.list,devices,COLLECTION,"{""allOf"":[{""permission"":{""resource"":""device_dispense"",""action"":""list"",""targetRef"":""device_dispenseCollection""}},{""permission"":{""resource"":""hospital_context"",""action"":""read"",""targetRef"":""hospitalContext""}}]}",1,true
device_metric.action.delete,devices,INSTANCE,"{""allOf"":[{""permission"":{""resource"":""device_metric"",""action"":""read"",""targetRef"":""device_metric""}},{""permission"":{""resource"":""device_metric"",""action"":""delete"",""targetRef"":""device_metric""}}]}",1,true
device_metric.button.assign,devices,INSTANCE,"{""allOf"":[{""permission"":{""resource"":""device_metric"",""action"":""read"",""targetRef"":""device_metric""}},{""permission"":{""resource"":""device_metric"",""action"":""assign"",""targetRef"":""device_metric""}}]}",1,true
device_metric.route.details,devices,INSTANCE,"{""allOf"":[{""permission"":{""resource"":""device_metric"",""action"":""read"",""targetRef"":""device_metric""}},{""permission"":{""resource"":""device_request"",""action"":""read"",""targetRef"":""device_request""}}]}",1,true
device_metric.route.edit,devices,INSTANCE,"{""allOf"":[{""permission"":{""resource"":""device_metric"",""action"":""read"",""targetRef"":""device_metric""}},{""permission"":{""resource"":""device_metric"",""action"":""update"",""targetRef"":""device_metric""}},{""permission"":{""resource"":""device_request"",""action"":""list"",""targetRef"":""device_requestCollection""}}]}",1,true
device_metric.route.list,devices,COLLECTION,"{""allOf"":[{""permission"":{""resource"":""device_metric"",""action"":""list"",""targetRef"":""device_metricCollection""}},{""permission"":{""resource"":""hospital_context"",""action"":""read"",""targetRef"":""hospitalContext""}}]}",1,true
device_request.action.delete,devices,INSTANCE,"{""allOf"":[{""permission"":{""resource"":""device_request"",""action"":""read"",""targetRef"":""device_request""}},{""permission"":{""resource"":""device_request"",""action"":""delete"",""targetRef"":""device_request""}}]}",1,true
device_request.button.assign,devices,INSTANCE,"{""allOf"":[{""permission"":{""resource"":""device_request"",""action"":""read"",""targetRef"":""device_request""}},{""permission"":{""resource"":""device_request"",""action"":""assign"",""targetRef"":""device_request""}}]}",1,true
device_request.route.details,devices,INSTANCE,"{""allOf"":[{""permission"":{""resource"":""device_request"",""action"":""read"",""targetRef"":""device_request""}},{""permission"":{""resource"":""device_usage"",""action"":""read"",""targetRef"":""device_usage""}}]}",1,true
device_request.route.edit,devices,INSTANCE,"{""allOf"":[{""permission"":{""resource"":""device_request"",""action"":""read"",""targetRef"":""device_request""}},{""permission"":{""resource"":""device_request"",""action"":""update"",""targetRef"":""device_request""}},{""permission"":{""resource"":""device_usage"",""action"":""list"",""targetRef"":""device_usageCollection""}}]}",1,true
device_request.route.list,devices,COLLECTION,"{""allOf"":[{""permission"":{""resource"":""device_request"",""action"":""list"",""targetRef"":""device_requestCollection""}},{""permission"":{""resource"":""hospital_context"",""action"":""read"",""targetRef"":""hospitalContext""}}]}",1,true
device_usage.action.delete,devices,INSTANCE,"{""allOf"":[{""permission"":{""resource"":""device_usage"",""action"":""read"",""targetRef"":""device_usage""}},{""permission"":{""resource"":""device_usage"",""action"":""delete"",""targetRef"":""device_usage""}}]}",1,true
device_usage.button.assign,devices,INSTANCE,"{""allOf"":[{""permission"":{""resource"":""device_usage"",""action"":""read"",""targetRef"":""device_usage""}},{""permission"":{""resource"":""device_usage"",""action"":""assign"",""targetRef"":""device_usage""}}]}",1,true
device_usage.route.details,devices,INSTANCE,"{""allOf"":[{""permission"":{""resource"":""device_usage"",""action"":""read"",""targetRef"":""device_usage""}},{""permission"":{""resource"":""diagnostic_report"",""action"":""read"",""targetRef"":""diagnostic_report""}}]}",1,true
device_usage.route.edit,devices,INSTANCE,"{""allOf"":[{""permission"":{""resource"":""device_usage"",""action"":""read"",""targetRef"":""device_usage""}},{""permission"":{""resource"":""device_usage"",""action"":""update"",""targetRef"":""device_usage""}},{""permission"":{""resource"":""diagnostic_report"",""action"":""list"",""targetRef"":""diagnostic_reportCollection""}}]}",1,true
device_usage.route.list,devices,COLLECTION,"{""allOf"":[{""permission"":{""resource"":""device_usage"",""action"":""list"",""targetRef"":""device_usageCollection""}},{""permission"":{""resource"":""hospital_context"",""action"":""read"",""targetRef"":""hospitalContext""}}]}",1,true
diagnostic_report.action.delete,diagnostics,INSTANCE,"{""allOf"":[{""permission"":{""resource"":""diagnostic_report"",""action"":""read"",""targetRef"":""diagnostic_report""}},{""permission"":{""resource"":""diagnostic_report"",""action"":""delete"",""targetRef"":""diagnostic_report""}}]}",1,true
diagnostic_report.button.assign,diagnostics,INSTANCE,"{""allOf"":[{""permission"":{""resource"":""diagnostic_report"",""action"":""read"",""targetRef"":""diagnostic_report""}},{""permission"":{""resource"":""diagnostic_report"",""action"":""assign"",""targetRef"":""diagnostic_report""}}]}",1,true
diagnostic_report.route.details,diagnostics,INSTANCE,"{""allOf"":[{""permission"":{""resource"":""diagnostic_report"",""action"":""read"",""targetRef"":""diagnostic_report""}},{""permission"":{""resource"":""document_reference"",""action"":""read"",""targetRef"":""document_reference""}}]}",1,true
diagnostic_report.route.edit,diagnostics,INSTANCE,"{""allOf"":[{""permission"":{""resource"":""diagnostic_report"",""action"":""read"",""targetRef"":""diagnostic_report""}},{""permission"":{""resource"":""diagnostic_report"",""action"":""update"",""targetRef"":""diagnostic_report""}},{""permission"":{""resource"":""document_reference"",""action"":""list"",""targetRef"":""document_referenceCollection""}}]}",1,true
diagnostic_report.route.list,diagnostics,COLLECTION,"{""allOf"":[{""permission"":{""resource"":""diagnostic_report"",""action"":""list"",""targetRef"":""diagnostic_reportCollection""}},{""permission"":{""resource"":""hospital_context"",""action"":""read"",""targetRef"":""hospitalContext""}}]}",1,true
document_reference.action.delete,documents,INSTANCE,"{""allOf"":[{""permission"":{""resource"":""document_reference"",""action"":""read"",""targetRef"":""document_reference""}},{""permission"":{""resource"":""document_reference"",""action"":""delete"",""targetRef"":""document_reference""}}]}",1,true
document_reference.button.assign,documents,INSTANCE,"{""allOf"":[{""permission"":{""resource"":""document_reference"",""action"":""read"",""targetRef"":""document_reference""}},{""permission"":{""resource"":""document_reference"",""action"":""assign"",""targetRef"":""document_reference""}}]}",1,true
document_reference.route.details,documents,INSTANCE,"{""allOf"":[{""permission"":{""resource"":""document_reference"",""action"":""read"",""targetRef"":""document_reference""}},{""permission"":{""resource"":""encounter"",""action"":""read"",""targetRef"":""encounter""}}]}",1,true
document_reference.route.edit,documents,INSTANCE,"{""allOf"":[{""permission"":{""resource"":""document_reference"",""action"":""read"",""targetRef"":""document_reference""}},{""permission"":{""resource"":""document_reference"",""action"":""update"",""targetRef"":""document_reference""}},{""permission"":{""resource"":""encounter"",""action"":""list"",""targetRef"":""encounterCollection""}}]}",1,true
document_reference.route.list,documents,COLLECTION,"{""allOf"":[{""permission"":{""resource"":""document_reference"",""action"":""list"",""targetRef"":""document_referenceCollection""}},{""permission"":{""resource"":""hospital_context"",""action"":""read"",""targetRef"":""hospitalContext""}}]}",1,true
encounter.action.delete,management,INSTANCE,"{""allOf"":[{""permission"":{""resource"":""encounter"",""action"":""read"",""targetRef"":""encounter""}},{""permission"":{""resource"":""encounter"",""action"":""delete"",""targetRef"":""encounter""}}]}",1,true
encounter.button.assign,management,INSTANCE,"{""allOf"":[{""permission"":{""resource"":""encounter"",""action"":""read"",""targetRef"":""encounter""}},{""permission"":{""resource"":""encounter"",""action"":""assign"",""targetRef"":""encounter""}}]}",1,true
encounter.route.details,management,INSTANCE,"{""allOf"":[{""permission"":{""resource"":""encounter"",""action"":""read"",""targetRef"":""encounter""}},{""permission"":{""resource"":""encounter_history"",""action"":""read"",""targetRef"":""encounter_history""}}]}",1,true
encounter.route.edit,management,INSTANCE,"{""allOf"":[{""permission"":{""resource"":""encounter"",""action"":""read"",""targetRef"":""encounter""}},{""permission"":{""resource"":""encounter"",""action"":""update"",""targetRef"":""encounter""}},{""permission"":{""resource"":""encounter_history"",""action"":""list"",""targetRef"":""encounter_historyCollection""}}]}",1,true
encounter.route.list,management,COLLECTION,"{""allOf"":[{""permission"":{""resource"":""encounter"",""action"":""list"",""targetRef"":""encounterCollection""}},{""permission"":{""resource"":""hospital_context"",""action"":""read"",""targetRef"":""hospitalContext""}}]}",1,true
encounter_history.action.delete,management,INSTANCE,"{""allOf"":[{""permission"":{""resource"":""encounter_history"",""action"":""read"",""targetRef"":""encounter_history""}},{""permission"":{""resource"":""encounter_history"",""action"":""delete"",""targetRef"":""encounter_history""}}]}",1,true
encounter_history.button.assign,management,INSTANCE,"{""allOf"":[{""permission"":{""resource"":""encounter_history"",""action"":""read"",""targetRef"":""encounter_history""}},{""permission"":{""resource"":""encounter_history"",""action"":""assign"",""targetRef"":""encounter_history""}}]}",1,true
encounter_history.route.details,management,INSTANCE,"{""allOf"":[{""permission"":{""resource"":""encounter_history"",""action"":""read"",""targetRef"":""encounter_history""}},{""permission"":{""resource"":""endpoint"",""action"":""read"",""targetRef"":""endpoint""}}]}",1,true
encounter_history.route.edit,management,INSTANCE,"{""allOf"":[{""permission"":{""resource"":""encounter_history"",""action"":""read"",""targetRef"":""encounter_history""}},{""permission"":{""resource"":""encounter_history"",""action"":""update"",""targetRef"":""encounter_history""}},{""permission"":{""resource"":""endpoint"",""action"":""list"",""targetRef"":""endpointCollection""}}]}",1,true
encounter_history.route.list,management,COLLECTION,"{""allOf"":[{""permission"":{""resource"":""encounter_history"",""action"":""list"",""targetRef"":""encounter_historyCollection""}},{""permission"":{""resource"":""hospital_context"",""action"":""read"",""targetRef"":""hospitalContext""}}]}",1,true
endpoint.action.delete,administrative,INSTANCE,"{""allOf"":[{""permission"":{""resource"":""endpoint"",""action"":""read"",""targetRef"":""endpoint""}},{""permission"":{""resource"":""endpoint"",""action"":""delete"",""targetRef"":""endpoint""}}]}",1,true
endpoint.button.assign,administrative,INSTANCE,"{""allOf"":[{""permission"":{""resource"":""endpoint"",""action"":""read"",""targetRef"":""endpoint""}},{""permission"":{""resource"":""endpoint"",""action"":""assign"",""targetRef"":""endpoint""}}]}",1,true
endpoint.route.details,administrative,INSTANCE,"{""allOf"":[{""permission"":{""resource"":""endpoint"",""action"":""read"",""targetRef"":""endpoint""}},{""permission"":{""resource"":""enrollment_request"",""action"":""read"",""targetRef"":""enrollment_request""}}]}",1,true
endpoint.route.edit,administrative,INSTANCE,"{""allOf"":[{""permission"":{""resource"":""endpoint"",""action"":""read"",""targetRef"":""endpoint""}},{""permission"":{""resource"":""endpoint"",""action"":""update"",""targetRef"":""endpoint""}},{""permission"":{""resource"":""enrollment_request"",""action"":""list"",""targetRef"":""enrollment_requestCollection""}}]}",1,true
endpoint.route.list,administrative,COLLECTION,"{""allOf"":[{""permission"":{""resource"":""endpoint"",""action"":""list"",""targetRef"":""endpointCollection""}},{""permission"":{""resource"":""hospital_context"",""action"":""read"",""targetRef"":""hospitalContext""}}]}",1,true
enrollment_request.action.delete,financial,INSTANCE,"{""allOf"":[{""permission"":{""resource"":""enrollment_request"",""action"":""read"",""targetRef"":""enrollment_request""}},{""permission"":{""resource"":""enrollment_request"",""action"":""delete"",""targetRef"":""enrollment_request""}}]}",1,true
enrollment_request.button.assign,financial,INSTANCE,"{""allOf"":[{""permission"":{""resource"":""enrollment_request"",""action"":""read"",""targetRef"":""enrollment_request""}},{""permission"":{""resource"":""enrollment_request"",""action"":""assign"",""targetRef"":""enrollment_request""}}]}",1,true
enrollment_request.route.details,financial,INSTANCE,"{""allOf"":[{""permission"":{""resource"":""enrollment_request"",""action"":""read"",""targetRef"":""enrollment_request""}},{""permission"":{""resource"":""enrollment_response"",""action"":""read"",""targetRef"":""enrollment_response""}}]}",1,true
enrollment_request.route.edit,financial,INSTANCE,"{""allOf"":[{""permission"":{""resource"":""enrollment_request"",""action"":""read"",""targetRef"":""enrollment_request""}},{""permission"":{""resource"":""enrollment_request"",""action"":""update"",""targetRef"":""enrollment_request""}},{""permission"":{""resource"":""enrollment_response"",""action"":""list"",""targetRef"":""enrollment_responseCollection""}}]}",1,true
enrollment_request.route.list,financial,COLLECTION,"{""allOf"":[{""permission"":{""resource"":""enrollment_request"",""action"":""list"",""targetRef"":""enrollment_requestCollection""}},{""permission"":{""resource"":""hospital_context"",""action"":""read"",""targetRef"":""hospitalContext""}}]}",1,true
enrollment_response.action.delete,financial,INSTANCE,"{""allOf"":[{""permission"":{""resource"":""enrollment_response"",""action"":""read"",""targetRef"":""enrollment_response""}},{""permission"":{""resource"":""enrollment_response"",""action"":""delete"",""targetRef"":""enrollment_response""}}]}",1,true
enrollment_response.button.assign,financial,INSTANCE,"{""allOf"":[{""permission"":{""resource"":""enrollment_response"",""action"":""read"",""targetRef"":""enrollment_response""}},{""permission"":{""resource"":""enrollment_response"",""action"":""assign"",""targetRef"":""enrollment_response""}}]}",1,true
enrollment_response.route.details,financial,INSTANCE,"{""allOf"":[{""permission"":{""resource"":""enrollment_response"",""action"":""read"",""targetRef"":""enrollment_response""}},{""permission"":{""resource"":""episode_of_care"",""action"":""read"",""targetRef"":""episode_of_care""}}]}",1,true
enrollment_response.route.edit,financial,INSTANCE,"{""allOf"":[{""permission"":{""resource"":""enrollment_response"",""action"":""read"",""targetRef"":""enrollment_response""}},{""permission"":{""resource"":""enrollment_response"",""action"":""update"",""targetRef"":""enrollment_response""}},{""permission"":{""resource"":""episode_of_care"",""action"":""list"",""targetRef"":""episode_of_careCollection""}}]}",1,true
enrollment_response.route.list,financial,COLLECTION,"{""allOf"":[{""permission"":{""resource"":""enrollment_response"",""action"":""list"",""targetRef"":""enrollment_responseCollection""}},{""permission"":{""resource"":""hospital_context"",""action"":""read"",""targetRef"":""hospitalContext""}}]}",1,true
episode_of_care.action.delete,management,INSTANCE,"{""allOf"":[{""permission"":{""resource"":""episode_of_care"",""action"":""read"",""targetRef"":""episode_of_care""}},{""permission"":{""resource"":""episode_of_care"",""action"":""delete"",""targetRef"":""episode_of_care""}}]}",1,true
episode_of_care.button.assign,management,INSTANCE,"{""allOf"":[{""permission"":{""resource"":""episode_of_care"",""action"":""read"",""targetRef"":""episode_of_care""}},{""permission"":{""resource"":""episode_of_care"",""action"":""assign"",""targetRef"":""episode_of_care""}}]}",1,true
episode_of_care.route.details,management,INSTANCE,"{""allOf"":[{""permission"":{""resource"":""episode_of_care"",""action"":""read"",""targetRef"":""episode_of_care""}},{""permission"":{""resource"":""evidence"",""action"":""read"",""targetRef"":""evidence""}}]}",1,true
episode_of_care.route.edit,management,INSTANCE,"{""allOf"":[{""permission"":{""resource"":""episode_of_care"",""action"":""read"",""targetRef"":""episode_of_care""}},{""permission"":{""resource"":""episode_of_care"",""action"":""update"",""targetRef"":""episode_of_care""}},{""permission"":{""resource"":""evidence"",""action"":""list"",""targetRef"":""evidenceCollection""}}]}",1,true
episode_of_care.route.list,management,COLLECTION,"{""allOf"":[{""permission"":{""resource"":""episode_of_care"",""action"":""list"",""targetRef"":""episode_of_careCollection""}},{""permission"":{""resource"":""hospital_context"",""action"":""read"",""targetRef"":""hospitalContext""}}]}",1,true
evidence.action.delete,research,INSTANCE,"{""allOf"":[{""permission"":{""resource"":""evidence"",""action"":""read"",""targetRef"":""evidence""}},{""permission"":{""resource"":""evidence"",""action"":""delete"",""targetRef"":""evidence""}}]}",1,true
evidence.button.assign,research,INSTANCE,"{""allOf"":[{""permission"":{""resource"":""evidence"",""action"":""read"",""targetRef"":""evidence""}},{""permission"":{""resource"":""evidence"",""action"":""assign"",""targetRef"":""evidence""}}]}",1,true
evidence.route.details,research,INSTANCE,"{""allOf"":[{""permission"":{""resource"":""evidence"",""action"":""read"",""targetRef"":""evidence""}},{""permission"":{""resource"":""evidence_report"",""action"":""read"",""targetRef"":""evidence_report""}}]}",1,true
evidence.route.edit,research,INSTANCE,"{""allOf"":[{""permission"":{""resource"":""evidence"",""action"":""read"",""targetRef"":""evidence""}},{""permission"":{""resource"":""evidence"",""action"":""update"",""targetRef"":""evidence""}},{""permission"":{""resource"":""evidence_report"",""action"":""list"",""targetRef"":""evidence_reportCollection""}}]}",1,true
evidence.route.list,research,COLLECTION,"{""allOf"":[{""permission"":{""resource"":""evidence"",""action"":""list"",""targetRef"":""evidenceCollection""}},{""permission"":{""resource"":""hospital_context"",""action"":""read"",""targetRef"":""hospitalContext""}}]}",1,true
evidence_report.action.delete,research,INSTANCE,"{""allOf"":[{""permission"":{""resource"":""evidence_report"",""action"":""read"",""targetRef"":""evidence_report""}},{""permission"":{""resource"":""evidence_report"",""action"":""delete"",""targetRef"":""evidence_report""}}]}",1,true
evidence_report.button.assign,research,INSTANCE,"{""allOf"":[{""permission"":{""resource"":""evidence_report"",""action"":""read"",""targetRef"":""evidence_report""}},{""permission"":{""resource"":""evidence_report"",""action"":""assign"",""targetRef"":""evidence_report""}}]}",1,true
evidence_report.route.details,research,INSTANCE,"{""allOf"":[{""permission"":{""resource"":""evidence_report"",""action"":""read"",""targetRef"":""evidence_report""}},{""permission"":{""resource"":""evidence_variable"",""action"":""read"",""targetRef"":""evidence_variable""}}]}",1,true
evidence_report.route.edit,research,INSTANCE,"{""allOf"":[{""permission"":{""resource"":""evidence_report"",""action"":""read"",""targetRef"":""evidence_report""}},{""permission"":{""resource"":""evidence_report"",""action"":""update"",""targetRef"":""evidence_report""}},{""permission"":{""resource"":""evidence_variable"",""action"":""list"",""targetRef"":""evidence_variableCollection""}}]}",1,true
evidence_report.route.list,research,COLLECTION,"{""allOf"":[{""permission"":{""resource"":""evidence_report"",""action"":""list"",""targetRef"":""evidence_reportCollection""}},{""permission"":{""resource"":""hospital_context"",""action"":""read"",""targetRef"":""hospitalContext""}}]}",1,true
evidence_variable.action.delete,research,INSTANCE,"{""allOf"":[{""permission"":{""resource"":""evidence_variable"",""action"":""read"",""targetRef"":""evidence_variable""}},{""permission"":{""resource"":""evidence_variable"",""action"":""delete"",""targetRef"":""evidence_variable""}}]}",1,true
evidence_variable.button.assign,research,INSTANCE,"{""allOf"":[{""permission"":{""resource"":""evidence_variable"",""action"":""read"",""targetRef"":""evidence_variable""}},{""permission"":{""resource"":""evidence_variable"",""action"":""assign"",""targetRef"":""evidence_variable""}}]}",1,true
evidence_variable.route.details,research,INSTANCE,"{""allOf"":[{""permission"":{""resource"":""evidence_variable"",""action"":""read"",""targetRef"":""evidence_variable""}},{""permission"":{""resource"":""example_scenario"",""action"":""read"",""targetRef"":""example_scenario""}}]}",1,true
evidence_variable.route.edit,research,INSTANCE,"{""allOf"":[{""permission"":{""resource"":""evidence_variable"",""action"":""read"",""targetRef"":""evidence_variable""}},{""permission"":{""resource"":""evidence_variable"",""action"":""update"",""targetRef"":""evidence_variable""}},{""permission"":{""resource"":""example_scenario"",""action"":""list"",""targetRef"":""example_scenarioCollection""}}]}",1,true
evidence_variable.route.list,research,COLLECTION,"{""allOf"":[{""permission"":{""resource"":""evidence_variable"",""action"":""list"",""targetRef"":""evidence_variableCollection""}},{""permission"":{""resource"":""hospital_context"",""action"":""read"",""targetRef"":""hospitalContext""}}]}",1,true
example_scenario.action.delete,definitional,INSTANCE,"{""allOf"":[{""permission"":{""resource"":""example_scenario"",""action"":""read"",""targetRef"":""example_scenario""}},{""permission"":{""resource"":""example_scenario"",""action"":""delete"",""targetRef"":""example_scenario""}}]}",1,true
example_scenario.button.assign,definitional,INSTANCE,"{""allOf"":[{""permission"":{""resource"":""example_scenario"",""action"":""read"",""targetRef"":""example_scenario""}},{""permission"":{""resource"":""example_scenario"",""action"":""assign"",""targetRef"":""example_scenario""}}]}",1,true
example_scenario.route.details,definitional,INSTANCE,"{""allOf"":[{""permission"":{""resource"":""example_scenario"",""action"":""read"",""targetRef"":""example_scenario""}},{""permission"":{""resource"":""explanation_of_benefit"",""action"":""read"",""targetRef"":""explanation_of_benefit""}}]}",1,true
example_scenario.route.edit,definitional,INSTANCE,"{""allOf"":[{""permission"":{""resource"":""example_scenario"",""action"":""read"",""targetRef"":""example_scenario""}},{""permission"":{""resource"":""example_scenario"",""action"":""update"",""targetRef"":""example_scenario""}},{""permission"":{""resource"":""explanation_of_benefit"",""action"":""list"",""targetRef"":""explanation_of_benefitCollection""}}]}",1,true
example_scenario.route.list,definitional,COLLECTION,"{""allOf"":[{""permission"":{""resource"":""example_scenario"",""action"":""list"",""targetRef"":""example_scenarioCollection""}},{""permission"":{""resource"":""hospital_context"",""action"":""read"",""targetRef"":""hospitalContext""}}]}",1,true
explanation_of_benefit.action.delete,financial,INSTANCE,"{""allOf"":[{""permission"":{""resource"":""explanation_of_benefit"",""action"":""read"",""targetRef"":""explanation_of_benefit""}},{""permission"":{""resource"":""explanation_of_benefit"",""action"":""delete"",""targetRef"":""explanation_of_benefit""}}]}",1,true
explanation_of_benefit.button.assign,financial,INSTANCE,"{""allOf"":[{""permission"":{""resource"":""explanation_of_benefit"",""action"":""read"",""targetRef"":""explanation_of_benefit""}},{""permission"":{""resource"":""explanation_of_benefit"",""action"":""assign"",""targetRef"":""explanation_of_benefit""}}]}",1,true
explanation_of_benefit.route.details,financial,INSTANCE,"{""allOf"":[{""permission"":{""resource"":""explanation_of_benefit"",""action"":""read"",""targetRef"":""explanation_of_benefit""}},{""permission"":{""resource"":""family_member_history"",""action"":""read"",""targetRef"":""family_member_history""}}]}",1,true
explanation_of_benefit.route.edit,financial,INSTANCE,"{""allOf"":[{""permission"":{""resource"":""explanation_of_benefit"",""action"":""read"",""targetRef"":""explanation_of_benefit""}},{""permission"":{""resource"":""explanation_of_benefit"",""action"":""update"",""targetRef"":""explanation_of_benefit""}},{""permission"":{""resource"":""family_member_history"",""action"":""list"",""targetRef"":""family_member_historyCollection""}}]}",1,true
explanation_of_benefit.route.list,financial,COLLECTION,"{""allOf"":[{""permission"":{""resource"":""explanation_of_benefit"",""action"":""list"",""targetRef"":""explanation_of_benefitCollection""}},{""permission"":{""resource"":""hospital_context"",""action"":""read"",""targetRef"":""hospitalContext""}}]}",1,true
family_member_history.action.delete,clinical,INSTANCE,"{""allOf"":[{""permission"":{""resource"":""family_member_history"",""action"":""read"",""targetRef"":""family_member_history""}},{""permission"":{""resource"":""family_member_history"",""action"":""delete"",""targetRef"":""family_member_history""}}]}",1,true
family_member_history.button.assign,clinical,INSTANCE,"{""allOf"":[{""permission"":{""resource"":""family_member_history"",""action"":""read"",""targetRef"":""family_member_history""}},{""permission"":{""resource"":""family_member_history"",""action"":""assign"",""targetRef"":""family_member_history""}}]}",1,true
family_member_history.route.details,clinical,INSTANCE,"{""allOf"":[{""permission"":{""resource"":""family_member_history"",""action"":""read"",""targetRef"":""family_member_history""}},{""permission"":{""resource"":""flag"",""action"":""read"",""targetRef"":""flag""}}]}",1,true
family_member_history.route.edit,clinical,INSTANCE,"{""allOf"":[{""permission"":{""resource"":""family_member_history"",""action"":""read"",""targetRef"":""family_member_history""}},{""permission"":{""resource"":""family_member_history"",""action"":""update"",""targetRef"":""family_member_history""}},{""permission"":{""resource"":""flag"",""action"":""list"",""targetRef"":""flagCollection""}}]}",1,true
family_member_history.route.list,clinical,COLLECTION,"{""allOf"":[{""permission"":{""resource"":""family_member_history"",""action"":""list"",""targetRef"":""family_member_historyCollection""}},{""permission"":{""resource"":""hospital_context"",""action"":""read"",""targetRef"":""hospitalContext""}}]}",1,true
flag.action.delete,management,INSTANCE,"{""allOf"":[{""permission"":{""resource"":""flag"",""action"":""read"",""targetRef"":""flag""}},{""permission"":{""resource"":""flag"",""action"":""delete"",""targetRef"":""flag""}}]}",1,true
flag.button.assign,management,INSTANCE,"{""allOf"":[{""permission"":{""resource"":""flag"",""action"":""read"",""targetRef"":""flag""}},{""permission"":{""resource"":""flag"",""action"":""assign"",""targetRef"":""flag""}}]}",1,true
flag.route.details,management,INSTANCE,"{""allOf"":[{""permission"":{""resource"":""flag"",""action"":""read"",""targetRef"":""flag""}},{""permission"":{""resource"":""genomic_study"",""action"":""read"",""targetRef"":""genomic_study""}}]}",1,true
flag.route.edit,management,INSTANCE,"{""allOf"":[{""permission"":{""resource"":""flag"",""action"":""read"",""targetRef"":""flag""}},{""permission"":{""resource"":""flag"",""action"":""update"",""targetRef"":""flag""}},{""permission"":{""resource"":""genomic_study"",""action"":""list"",""targetRef"":""genomic_studyCollection""}}]}",1,true
flag.route.list,management,COLLECTION,"{""allOf"":[{""permission"":{""resource"":""flag"",""action"":""list"",""targetRef"":""flagCollection""}},{""permission"":{""resource"":""hospital_context"",""action"":""read"",""targetRef"":""hospitalContext""}}]}",1,true
genomic_study.action.delete,diagnostics,INSTANCE,"{""allOf"":[{""permission"":{""resource"":""genomic_study"",""action"":""read"",""targetRef"":""genomic_study""}},{""permission"":{""resource"":""genomic_study"",""action"":""delete"",""targetRef"":""genomic_study""}}]}",1,true
genomic_study.button.assign,diagnostics,INSTANCE,"{""allOf"":[{""permission"":{""resource"":""genomic_study"",""action"":""read"",""targetRef"":""genomic_study""}},{""permission"":{""resource"":""genomic_study"",""action"":""assign"",""targetRef"":""genomic_study""}}]}",1,true
genomic_study.route.details,diagnostics,INSTANCE,"{""allOf"":[{""permission"":{""resource"":""genomic_study"",""action"":""read"",""targetRef"":""genomic_study""}},{""permission"":{""resource"":""goal"",""action"":""read"",""targetRef"":""goal""}}]}",1,true
genomic_study.route.edit,diagnostics,INSTANCE,"{""allOf"":[{""permission"":{""resource"":""genomic_study"",""action"":""read"",""targetRef"":""genomic_study""}},{""permission"":{""resource"":""genomic_study"",""action"":""update"",""targetRef"":""genomic_study""}},{""permission"":{""resource"":""goal"",""action"":""list"",""targetRef"":""goalCollection""}}]}",1,true
genomic_study.route.list,diagnostics,COLLECTION,"{""allOf"":[{""permission"":{""resource"":""genomic_study"",""action"":""list"",""targetRef"":""genomic_studyCollection""}},{""permission"":{""resource"":""hospital_context"",""action"":""read"",""targetRef"":""hospitalContext""}}]}",1,true
goal.action.delete,management,INSTANCE,"{""allOf"":[{""permission"":{""resource"":""goal"",""action"":""read"",""targetRef"":""goal""}},{""permission"":{""resource"":""goal"",""action"":""delete"",""targetRef"":""goal""}}]}",1,true
goal.button.assign,management,INSTANCE,"{""allOf"":[{""permission"":{""resource"":""goal"",""action"":""read"",""targetRef"":""goal""}},{""permission"":{""resource"":""goal"",""action"":""assign"",""targetRef"":""goal""}}]}",1,true
goal.route.details,management,INSTANCE,"{""allOf"":[{""permission"":{""resource"":""goal"",""action"":""read"",""targetRef"":""goal""}},{""permission"":{""resource"":""graph_definition"",""action"":""read"",""targetRef"":""graph_definition""}}]}",1,true
goal.route.edit,management,INSTANCE,"{""allOf"":[{""permission"":{""resource"":""goal"",""action"":""read"",""targetRef"":""goal""}},{""permission"":{""resource"":""goal"",""action"":""update"",""targetRef"":""goal""}},{""permission"":{""resource"":""graph_definition"",""action"":""list"",""targetRef"":""graph_definitionCollection""}}]}",1,true
goal.route.list,management,COLLECTION,"{""allOf"":[{""permission"":{""resource"":""goal"",""action"":""list"",""targetRef"":""goalCollection""}},{""permission"":{""resource"":""hospital_context"",""action"":""read"",""targetRef"":""hospitalContext""}}]}",1,true
graph_definition.action.delete,definitional,INSTANCE,"{""allOf"":[{""permission"":{""resource"":""graph_definition"",""action"":""read"",""targetRef"":""graph_definition""}},{""permission"":{""resource"":""graph_definition"",""action"":""delete"",""targetRef"":""graph_definition""}}]}",1,true
graph_definition.button.assign,definitional,INSTANCE,"{""allOf"":[{""permission"":{""resource"":""graph_definition"",""action"":""read"",""targetRef"":""graph_definition""}},{""permission"":{""resource"":""graph_definition"",""action"":""assign"",""targetRef"":""graph_definition""}}]}",1,true
graph_definition.route.details,definitional,INSTANCE,"{""allOf"":[{""permission"":{""resource"":""graph_definition"",""action"":""read"",""targetRef"":""graph_definition""}},{""permission"":{""resource"":""group"",""action"":""read"",""targetRef"":""group""}}]}",1,true
graph_definition.route.edit,definitional,INSTANCE,"{""allOf"":[{""permission"":{""resource"":""graph_definition"",""action"":""read"",""targetRef"":""graph_definition""}},{""permission"":{""resource"":""graph_definition"",""action"":""update"",""targetRef"":""graph_definition""}},{""permission"":{""resource"":""group"",""action"":""list"",""targetRef"":""groupCollection""}}]}",1,true
graph_definition.route.list,definitional,COLLECTION,"{""allOf"":[{""permission"":{""resource"":""graph_definition"",""action"":""list"",""targetRef"":""graph_definitionCollection""}},{""permission"":{""resource"":""hospital_context"",""action"":""read"",""targetRef"":""hospitalContext""}}]}",1,true
group.action.delete,administrative,INSTANCE,"{""allOf"":[{""permission"":{""resource"":""group"",""action"":""read"",""targetRef"":""group""}},{""permission"":{""resource"":""group"",""action"":""delete"",""targetRef"":""group""}}]}",1,true
group.button.assign,administrative,INSTANCE,"{""allOf"":[{""permission"":{""resource"":""group"",""action"":""read"",""targetRef"":""group""}},{""permission"":{""resource"":""group"",""action"":""assign"",""targetRef"":""group""}}]}",1,true
group.route.details,administrative,INSTANCE,"{""allOf"":[{""permission"":{""resource"":""group"",""action"":""read"",""targetRef"":""group""}},{""permission"":{""resource"":""guidance_response"",""action"":""read"",""targetRef"":""guidance_response""}}]}",1,true
group.route.edit,administrative,INSTANCE,"{""allOf"":[{""permission"":{""resource"":""group"",""action"":""read"",""targetRef"":""group""}},{""permission"":{""resource"":""group"",""action"":""update"",""targetRef"":""group""}},{""permission"":{""resource"":""guidance_response"",""action"":""list"",""targetRef"":""guidance_responseCollection""}}]}",1,true
group.route.list,administrative,COLLECTION,"{""allOf"":[{""permission"":{""resource"":""group"",""action"":""list"",""targetRef"":""groupCollection""}},{""permission"":{""resource"":""hospital_context"",""action"":""read"",""targetRef"":""hospitalContext""}}]}",1,true
guidance_response.action.delete,care_provision,INSTANCE,"{""allOf"":[{""permission"":{""resource"":""guidance_response"",""action"":""read"",""targetRef"":""guidance_response""}},{""permission"":{""resource"":""guidance_response"",""action"":""delete"",""targetRef"":""guidance_response""}}]}",1,true
guidance_response.button.assign,care_provision,INSTANCE,"{""allOf"":[{""permission"":{""resource"":""guidance_response"",""action"":""read"",""targetRef"":""guidance_response""}},{""permission"":{""resource"":""guidance_response"",""action"":""assign"",""targetRef"":""guidance_response""}}]}",1,true
guidance_response.route.details,care_provision,INSTANCE,"{""allOf"":[{""permission"":{""resource"":""guidance_response"",""action"":""read"",""targetRef"":""guidance_response""}},{""permission"":{""resource"":""healthcare_service"",""action"":""read"",""targetRef"":""healthcare_service""}}]}",1,true
guidance_response.route.edit,care_provision,INSTANCE,"{""allOf"":[{""permission"":{""resource"":""guidance_response"",""action"":""read"",""targetRef"":""guidance_response""}},{""permission"":{""resource"":""guidance_response"",""action"":""update"",""targetRef"":""guidance_response""}},{""permission"":{""resource"":""healthcare_service"",""action"":""list"",""targetRef"":""healthcare_serviceCollection""}}]}",1,true
guidance_response.route.list,care_provision,COLLECTION,"{""allOf"":[{""permission"":{""resource"":""guidance_response"",""action"":""list"",""targetRef"":""guidance_responseCollection""}},{""permission"":{""resource"":""hospital_context"",""action"":""read"",""targetRef"":""hospitalContext""}}]}",1,true
healthcare_service.action.delete,administrative,INSTANCE,"{""allOf"":[{""permission"":{""resource"":""healthcare_service"",""action"":""read"",""targetRef"":""healthcare_service""}},{""permission"":{""resource"":""healthcare_service"",""action"":""delete"",""targetRef"":""healthcare_service""}}]}",1,true
healthcare_service.button.assign,administrative,INSTANCE,"{""allOf"":[{""permission"":{""resource"":""healthcare_service"",""action"":""read"",""targetRef"":""healthcare_service""}},{""permission"":{""resource"":""healthcare_service"",""action"":""assign"",""targetRef"":""healthcare_service""}}]}",1,true
healthcare_service.route.details,administrative,INSTANCE,"{""allOf"":[{""permission"":{""resource"":""healthcare_service"",""action"":""read"",""targetRef"":""healthcare_service""}},{""permission"":{""resource"":""imaging_selection"",""action"":""read"",""targetRef"":""imaging_selection""}}]}",1,true
healthcare_service.route.edit,administrative,INSTANCE,"{""allOf"":[{""permission"":{""resource"":""healthcare_service"",""action"":""read"",""targetRef"":""healthcare_service""}},{""permission"":{""resource"":""healthcare_service"",""action"":""update"",""targetRef"":""healthcare_service""}},{""permission"":{""resource"":""imaging_selection"",""action"":""list"",""targetRef"":""imaging_selectionCollection""}}]}",1,true
healthcare_service.route.list,administrative,COLLECTION,"{""allOf"":[{""permission"":{""resource"":""healthcare_service"",""action"":""list"",""targetRef"":""healthcare_serviceCollection""}},{""permission"":{""resource"":""hospital_context"",""action"":""read"",""targetRef"":""hospitalContext""}}]}",1,true
imaging_selection.action.delete,diagnostics,INSTANCE,"{""allOf"":[{""permission"":{""resource"":""imaging_selection"",""action"":""read"",""targetRef"":""imaging_selection""}},{""permission"":{""resource"":""imaging_selection"",""action"":""delete"",""targetRef"":""imaging_selection""}}]}",1,true
imaging_selection.button.assign,diagnostics,INSTANCE,"{""allOf"":[{""permission"":{""resource"":""imaging_selection"",""action"":""read"",""targetRef"":""imaging_selection""}},{""permission"":{""resource"":""imaging_selection"",""action"":""assign"",""targetRef"":""imaging_selection""}}]}",1,true
imaging_selection.route.details,diagnostics,INSTANCE,"{""allOf"":[{""permission"":{""resource"":""imaging_selection"",""action"":""read"",""targetRef"":""imaging_selection""}},{""permission"":{""resource"":""imaging_study"",""action"":""read"",""targetRef"":""imaging_study""}}]}",1,true
imaging_selection.route.edit,diagnostics,INSTANCE,"{""allOf"":[{""permission"":{""resource"":""imaging_selection"",""action"":""read"",""targetRef"":""imaging_selection""}},{""permission"":{""resource"":""imaging_selection"",""action"":""update"",""targetRef"":""imaging_selection""}},{""permission"":{""resource"":""imaging_study"",""action"":""list"",""targetRef"":""imaging_studyCollection""}}]}",1,true
imaging_selection.route.list,diagnostics,COLLECTION,"{""allOf"":[{""permission"":{""resource"":""imaging_selection"",""action"":""list"",""targetRef"":""imaging_selectionCollection""}},{""permission"":{""resource"":""hospital_context"",""action"":""read"",""targetRef"":""hospitalContext""}}]}",1,true
imaging_study.action.delete,diagnostics,INSTANCE,"{""allOf"":[{""permission"":{""resource"":""imaging_study"",""action"":""read"",""targetRef"":""imaging_study""}},{""permission"":{""resource"":""imaging_study"",""action"":""delete"",""targetRef"":""imaging_study""}}]}",1,true
imaging_study.button.assign,diagnostics,INSTANCE,"{""allOf"":[{""permission"":{""resource"":""imaging_study"",""action"":""read"",""targetRef"":""imaging_study""}},{""permission"":{""resource"":""imaging_study"",""action"":""assign"",""targetRef"":""imaging_study""}}]}",1,true
imaging_study.route.details,diagnostics,INSTANCE,"{""allOf"":[{""permission"":{""resource"":""imaging_study"",""action"":""read"",""targetRef"":""imaging_study""}},{""permission"":{""resource"":""immunization"",""action"":""read"",""targetRef"":""immunization""}}]}",1,true
imaging_study.route.edit,diagnostics,INSTANCE,"{""allOf"":[{""permission"":{""resource"":""imaging_study"",""action"":""read"",""targetRef"":""imaging_study""}},{""permission"":{""resource"":""imaging_study"",""action"":""update"",""targetRef"":""imaging_study""}},{""permission"":{""resource"":""immunization"",""action"":""list"",""targetRef"":""immunizationCollection""}}]}",1,true
imaging_study.route.list,diagnostics,COLLECTION,"{""allOf"":[{""permission"":{""resource"":""imaging_study"",""action"":""list"",""targetRef"":""imaging_studyCollection""}},{""permission"":{""resource"":""hospital_context"",""action"":""read"",""targetRef"":""hospitalContext""}}]}",1,true
immunization.action.delete,medications,INSTANCE,"{""allOf"":[{""permission"":{""resource"":""immunization"",""action"":""read"",""targetRef"":""immunization""}},{""permission"":{""resource"":""immunization"",""action"":""delete"",""targetRef"":""immunization""}}]}",1,true
immunization.button.assign,medications,INSTANCE,"{""allOf"":[{""permission"":{""resource"":""immunization"",""action"":""read"",""targetRef"":""immunization""}},{""permission"":{""resource"":""immunization"",""action"":""assign"",""targetRef"":""immunization""}}]}",1,true
immunization.route.details,medications,INSTANCE,"{""allOf"":[{""permission"":{""resource"":""immunization"",""action"":""read"",""targetRef"":""immunization""}},{""permission"":{""resource"":""immunization_evaluation"",""action"":""read"",""targetRef"":""immunization_evaluation""}}]}",1,true
immunization.route.edit,medications,INSTANCE,"{""allOf"":[{""permission"":{""resource"":""immunization"",""action"":""read"",""targetRef"":""immunization""}},{""permission"":{""resource"":""immunization"",""action"":""update"",""targetRef"":""immunization""}},{""permission"":{""resource"":""immunization_evaluation"",""action"":""list"",""targetRef"":""immunization_evaluationCollection""}}]}",1,true
immunization.route.list,medications,COLLECTION,"{""allOf"":[{""permission"":{""resource"":""immunization"",""action"":""list"",""targetRef"":""immunizationCollection""}},{""permission"":{""resource"":""hospital_context"",""action"":""read"",""targetRef"":""hospitalContext""}}]}",1,true
immunization_evaluation.action.delete,medications,INSTANCE,"{""allOf"":[{""permission"":{""resource"":""immunization_evaluation"",""action"":""read"",""targetRef"":""immunization_evaluation""}},{""permission"":{""resource"":""immunization_evaluation"",""action"":""delete"",""targetRef"":""immunization_evaluation""}}]}",1,true
immunization_evaluation.button.assign,medications,INSTANCE,"{""allOf"":[{""permission"":{""resource"":""immunization_evaluation"",""action"":""read"",""targetRef"":""immunization_evaluation""}},{""permission"":{""resource"":""immunization_evaluation"",""action"":""assign"",""targetRef"":""immunization_evaluation""}}]}",1,true
immunization_evaluation.route.details,medications,INSTANCE,"{""allOf"":[{""permission"":{""resource"":""immunization_evaluation"",""action"":""read"",""targetRef"":""immunization_evaluation""}},{""permission"":{""resource"":""immunization_recommendation"",""action"":""read"",""targetRef"":""immunization_recommendation""}}]}",1,true
immunization_evaluation.route.edit,medications,INSTANCE,"{""allOf"":[{""permission"":{""resource"":""immunization_evaluation"",""action"":""read"",""targetRef"":""immunization_evaluation""}},{""permission"":{""resource"":""immunization_evaluation"",""action"":""update"",""targetRef"":""immunization_evaluation""}},{""permission"":{""resource"":""immunization_recommendation"",""action"":""list"",""targetRef"":""immunization_recommendationCollection""}}]}",1,true
immunization_evaluation.route.list,medications,COLLECTION,"{""allOf"":[{""permission"":{""resource"":""immunization_evaluation"",""action"":""list"",""targetRef"":""immunization_evaluationCollection""}},{""permission"":{""resource"":""hospital_context"",""action"":""read"",""targetRef"":""hospitalContext""}}]}",1,true
immunization_recommendation.action.delete,medications,INSTANCE,"{""allOf"":[{""permission"":{""resource"":""immunization_recommendation"",""action"":""read"",""targetRef"":""immunization_recommendation""}},{""permission"":{""resource"":""immunization_recommendation"",""action"":""delete"",""targetRef"":""immunization_recommendation""}}]}",1,true
immunization_recommendation.button.assign,medications,INSTANCE,"{""allOf"":[{""permission"":{""resource"":""immunization_recommendation"",""action"":""read"",""targetRef"":""immunization_recommendation""}},{""permission"":{""resource"":""immunization_recommendation"",""action"":""assign"",""targetRef"":""immunization_recommendation""}}]}",1,true
immunization_recommendation.route.details,medications,INSTANCE,"{""allOf"":[{""permission"":{""resource"":""immunization_recommendation"",""action"":""read"",""targetRef"":""immunization_recommendation""}},{""permission"":{""resource"":""implementation_guide"",""action"":""read"",""targetRef"":""implementation_guide""}}]}",1,true
immunization_recommendation.route.edit,medications,INSTANCE,"{""allOf"":[{""permission"":{""resource"":""immunization_recommendation"",""action"":""read"",""targetRef"":""immunization_recommendation""}},{""permission"":{""resource"":""immunization_recommendation"",""action"":""update"",""targetRef"":""immunization_recommendation""}},{""permission"":{""resource"":""implementation_guide"",""action"":""list"",""targetRef"":""implementation_guideCollection""}}]}",1,true
immunization_recommendation.route.list,medications,COLLECTION,"{""allOf"":[{""permission"":{""resource"":""immunization_recommendation"",""action"":""list"",""targetRef"":""immunization_recommendationCollection""}},{""permission"":{""resource"":""hospital_context"",""action"":""read"",""targetRef"":""hospitalContext""}}]}",1,true
implementation_guide.action.delete,conformance,INSTANCE,"{""allOf"":[{""permission"":{""resource"":""implementation_guide"",""action"":""read"",""targetRef"":""implementation_guide""}},{""permission"":{""resource"":""implementation_guide"",""action"":""delete"",""targetRef"":""implementation_guide""}}]}",1,true
implementation_guide.button.assign,conformance,INSTANCE,"{""allOf"":[{""permission"":{""resource"":""implementation_guide"",""action"":""read"",""targetRef"":""implementation_guide""}},{""permission"":{""resource"":""implementation_guide"",""action"":""assign"",""targetRef"":""implementation_guide""}}]}",1,true
implementation_guide.route.details,conformance,INSTANCE,"{""allOf"":[{""permission"":{""resource"":""implementation_guide"",""action"":""read"",""targetRef"":""implementation_guide""}},{""permission"":{""resource"":""ingredient"",""action"":""read"",""targetRef"":""ingredient""}}]}",1,true
implementation_guide.route.edit,conformance,INSTANCE,"{""allOf"":[{""permission"":{""resource"":""implementation_guide"",""action"":""read"",""targetRef"":""implementation_guide""}},{""permission"":{""resource"":""implementation_guide"",""action"":""update"",""targetRef"":""implementation_guide""}},{""permission"":{""resource"":""ingredient"",""action"":""list"",""targetRef"":""ingredientCollection""}}]}",1,true
implementation_guide.route.list,conformance,COLLECTION,"{""allOf"":[{""permission"":{""resource"":""implementation_guide"",""action"":""list"",""targetRef"":""implementation_guideCollection""}},{""permission"":{""resource"":""hospital_context"",""action"":""read"",""targetRef"":""hospitalContext""}}]}",1,true
ingredient.action.delete,substances,INSTANCE,"{""allOf"":[{""permission"":{""resource"":""ingredient"",""action"":""read"",""targetRef"":""ingredient""}},{""permission"":{""resource"":""ingredient"",""action"":""delete"",""targetRef"":""ingredient""}}]}",1,true
ingredient.button.assign,substances,INSTANCE,"{""allOf"":[{""permission"":{""resource"":""ingredient"",""action"":""read"",""targetRef"":""ingredient""}},{""permission"":{""resource"":""ingredient"",""action"":""assign"",""targetRef"":""ingredient""}}]}",1,true
ingredient.route.details,substances,INSTANCE,"{""allOf"":[{""permission"":{""resource"":""ingredient"",""action"":""read"",""targetRef"":""ingredient""}},{""permission"":{""resource"":""insurance_plan"",""action"":""read"",""targetRef"":""insurance_plan""}}]}",1,true
ingredient.route.edit,substances,INSTANCE,"{""allOf"":[{""permission"":{""resource"":""ingredient"",""action"":""read"",""targetRef"":""ingredient""}},{""permission"":{""resource"":""ingredient"",""action"":""update"",""targetRef"":""ingredient""}},{""permission"":{""resource"":""insurance_plan"",""action"":""list"",""targetRef"":""insurance_planCollection""}}]}",1,true
ingredient.route.list,substances,COLLECTION,"{""allOf"":[{""permission"":{""resource"":""ingredient"",""action"":""list"",""targetRef"":""ingredientCollection""}},{""permission"":{""resource"":""hospital_context"",""action"":""read"",""targetRef"":""hospitalContext""}}]}",1,true
insurance_plan.action.delete,financial,INSTANCE,"{""allOf"":[{""permission"":{""resource"":""insurance_plan"",""action"":""read"",""targetRef"":""insurance_plan""}},{""permission"":{""resource"":""insurance_plan"",""action"":""delete"",""targetRef"":""insurance_plan""}}]}",1,true
insurance_plan.button.assign,financial,INSTANCE,"{""allOf"":[{""permission"":{""resource"":""insurance_plan"",""action"":""read"",""targetRef"":""insurance_plan""}},{""permission"":{""resource"":""insurance_plan"",""action"":""assign"",""targetRef"":""insurance_plan""}}]}",1,true
insurance_plan.route.details,financial,INSTANCE,"{""allOf"":[{""permission"":{""resource"":""insurance_plan"",""action"":""read"",""targetRef"":""insurance_plan""}},{""permission"":{""resource"":""inventory_item"",""action"":""read"",""targetRef"":""inventory_item""}}]}",1,true
insurance_plan.route.edit,financial,INSTANCE,"{""allOf"":[{""permission"":{""resource"":""insurance_plan"",""action"":""read"",""targetRef"":""insurance_plan""}},{""permission"":{""resource"":""insurance_plan"",""action"":""update"",""targetRef"":""insurance_plan""}},{""permission"":{""resource"":""inventory_item"",""action"":""list"",""targetRef"":""inventory_itemCollection""}}]}",1,true
insurance_plan.route.list,financial,COLLECTION,"{""allOf"":[{""permission"":{""resource"":""insurance_plan"",""action"":""list"",""targetRef"":""insurance_planCollection""}},{""permission"":{""resource"":""hospital_context"",""action"":""read"",""targetRef"":""hospitalContext""}}]}",1,true
inventory_item.action.delete,inventory,INSTANCE,"{""allOf"":[{""permission"":{""resource"":""inventory_item"",""action"":""read"",""targetRef"":""inventory_item""}},{""permission"":{""resource"":""inventory_item"",""action"":""delete"",""targetRef"":""inventory_item""}}]}",1,true
inventory_item.button.assign,inventory,INSTANCE,"{""allOf"":[{""permission"":{""resource"":""inventory_item"",""action"":""read"",""targetRef"":""inventory_item""}},{""permission"":{""resource"":""inventory_item"",""action"":""assign"",""targetRef"":""inventory_item""}}]}",1,true
inventory_item.route.details,inventory,INSTANCE,"{""allOf"":[{""permission"":{""resource"":""inventory_item"",""action"":""read"",""targetRef"":""inventory_item""}},{""permission"":{""resource"":""inventory_report"",""action"":""read"",""targetRef"":""inventory_report""}}]}",1,true
inventory_item.route.edit,inventory,INSTANCE,"{""allOf"":[{""permission"":{""resource"":""inventory_item"",""action"":""read"",""targetRef"":""inventory_item""}},{""permission"":{""resource"":""inventory_item"",""action"":""update"",""targetRef"":""inventory_item""}},{""permission"":{""resource"":""inventory_report"",""action"":""list"",""targetRef"":""inventory_reportCollection""}}]}",1,true
inventory_item.route.list,inventory,COLLECTION,"{""allOf"":[{""permission"":{""resource"":""inventory_item"",""action"":""list"",""targetRef"":""inventory_itemCollection""}},{""permission"":{""resource"":""hospital_context"",""action"":""read"",""targetRef"":""hospitalContext""}}]}",1,true
inventory_report.action.delete,inventory,INSTANCE,"{""allOf"":[{""permission"":{""resource"":""inventory_report"",""action"":""read"",""targetRef"":""inventory_report""}},{""permission"":{""resource"":""inventory_report"",""action"":""delete"",""targetRef"":""inventory_report""}}]}",1,true
inventory_report.button.assign,inventory,INSTANCE,"{""allOf"":[{""permission"":{""resource"":""inventory_report"",""action"":""read"",""targetRef"":""inventory_report""}},{""permission"":{""resource"":""inventory_report"",""action"":""assign"",""targetRef"":""inventory_report""}}]}",1,true
inventory_report.route.details,inventory,INSTANCE,"{""allOf"":[{""permission"":{""resource"":""inventory_report"",""action"":""read"",""targetRef"":""inventory_report""}},{""permission"":{""resource"":""invoice"",""action"":""read"",""targetRef"":""invoice""}}]}",1,true
inventory_report.route.edit,inventory,INSTANCE,"{""allOf"":[{""permission"":{""resource"":""inventory_report"",""action"":""read"",""targetRef"":""inventory_report""}},{""permission"":{""resource"":""inventory_report"",""action"":""update"",""targetRef"":""inventory_report""}},{""permission"":{""resource"":""invoice"",""action"":""list"",""targetRef"":""invoiceCollection""}}]}",1,true
inventory_report.route.list,inventory,COLLECTION,"{""allOf"":[{""permission"":{""resource"":""inventory_report"",""action"":""list"",""targetRef"":""inventory_reportCollection""}},{""permission"":{""resource"":""hospital_context"",""action"":""read"",""targetRef"":""hospitalContext""}}]}",1,true
invoice.action.delete,financial,INSTANCE,"{""allOf"":[{""permission"":{""resource"":""invoice"",""action"":""read"",""targetRef"":""invoice""}},{""permission"":{""resource"":""invoice"",""action"":""delete"",""targetRef"":""invoice""}}]}",1,true
invoice.button.assign,financial,INSTANCE,"{""allOf"":[{""permission"":{""resource"":""invoice"",""action"":""read"",""targetRef"":""invoice""}},{""permission"":{""resource"":""invoice"",""action"":""assign"",""targetRef"":""invoice""}}]}",1,true
invoice.route.details,financial,INSTANCE,"{""allOf"":[{""permission"":{""resource"":""invoice"",""action"":""read"",""targetRef"":""invoice""}},{""permission"":{""resource"":""linkage"",""action"":""read"",""targetRef"":""linkage""}}]}",1,true
invoice.route.edit,financial,INSTANCE,"{""allOf"":[{""permission"":{""resource"":""invoice"",""action"":""read"",""targetRef"":""invoice""}},{""permission"":{""resource"":""invoice"",""action"":""update"",""targetRef"":""invoice""}},{""permission"":{""resource"":""linkage"",""action"":""list"",""targetRef"":""linkageCollection""}}]}",1,true
invoice.route.list,financial,COLLECTION,"{""allOf"":[{""permission"":{""resource"":""invoice"",""action"":""list"",""targetRef"":""invoiceCollection""}},{""permission"":{""resource"":""hospital_context"",""action"":""read"",""targetRef"":""hospitalContext""}}]}",1,true
linkage.action.delete,events,INSTANCE,"{""allOf"":[{""permission"":{""resource"":""linkage"",""action"":""read"",""targetRef"":""linkage""}},{""permission"":{""resource"":""linkage"",""action"":""delete"",""targetRef"":""linkage""}}]}",1,true
linkage.button.assign,events,INSTANCE,"{""allOf"":[{""permission"":{""resource"":""linkage"",""action"":""read"",""targetRef"":""linkage""}},{""permission"":{""resource"":""linkage"",""action"":""assign"",""targetRef"":""linkage""}}]}",1,true
linkage.route.details,events,INSTANCE,"{""allOf"":[{""permission"":{""resource"":""linkage"",""action"":""read"",""targetRef"":""linkage""}},{""permission"":{""resource"":""account"",""action"":""read"",""targetRef"":""account""}}]}",1,true
linkage.route.edit,events,INSTANCE,"{""allOf"":[{""permission"":{""resource"":""linkage"",""action"":""read"",""targetRef"":""linkage""}},{""permission"":{""resource"":""linkage"",""action"":""update"",""targetRef"":""linkage""}},{""permission"":{""resource"":""account"",""action"":""list"",""targetRef"":""accountCollection""}}]}",1,true
linkage.route.list,events,COLLECTION,"{""allOf"":[{""permission"":{""resource"":""linkage"",""action"":""list"",""targetRef"":""linkageCollection""}},{""permission"":{""resource"":""hospital_context"",""action"":""read"",""targetRef"":""hospitalContext""}}]}",1,true
patient.button.create-order,clinical,INSTANCE,"{""allOf"":[{""permission"":{""resource"":""patient_record"",""action"":""read"",""targetRef"":""patient""}},{""anyOf"":[{""permission"":{""resource"":""medication_request"",""action"":""create"",""targetRef"":""medicationOrderCollection""}},{""permission"":{""resource"":""service_request"",""action"":""create"",""targetRef"":""laboratoryOrderCollection""}}]}]}",1,true
patient.component.clinical-summary,clinical,INSTANCE,"{""allOf"":[{""permission"":{""resource"":""patient_record"",""action"":""read"",""targetRef"":""patient""}},{""permission"":{""resource"":""clinical_impression"",""action"":""list"",""targetRef"":""patientClinicalNotes""}},{""permission"":{""resource"":""observation"",""action"":""list"",""targetRef"":""patientLabResults""}}]}",1,true
patient.route.details,clinical,INSTANCE,"{""allOf"":[{""permission"":{""resource"":""patient_record"",""action"":""read"",""targetRef"":""patient""}},{""permission"":{""resource"":""person"",""action"":""read"",""targetRef"":""patientDemographics""}}]}",1,true
patient.route.edit,clinical,INSTANCE,"{""allOf"":[{""permission"":{""resource"":""patient_record"",""action"":""read"",""targetRef"":""patient""}},{""permission"":{""resource"":""patient_record"",""action"":""update"",""targetRef"":""patient""}},{""permission"":{""resource"":""clinical_impression"",""action"":""list"",""targetRef"":""patientClinicalNotes""}}]}",1,true
patients.route.list,clinical,COLLECTION,"{""allOf"":[{""permission"":{""resource"":""patient_record"",""action"":""list"",""targetRef"":""patientCollection""}},{""permission"":{""resource"":""hospital_context"",""action"":""read"",""targetRef"":""hospitalContext""}}]}",1,true
